MERK,PRODUCT,SHOPIFY_ID
Diesel,1979 Sleenker,shopify_product_12481446314324
Diesel,1979 Sleenker,shopify_product_12481446117716
Diesel,2005 D-finning Jeans,shopify_product_12481301610836
ADD,5AM1101-2310-TAUPE,shopify_product_12481385234772
The North Face,96 Retro Nuptse Jkt Optic Emerald,shopify_product_12487648903508
ADD,ADD Jacket Navy,shopify_product_12481386348884
ADD,ADD Nylon Jacket,shopify_product_12481279590740
ADD,ADD Nylon Jacket Navy,shopify_product_12481279394132
Autry,AUTRY  Windbreaker Jacket,shopify_product_15054394622292
Autry,AUTRY  Windbreaker Jacket,shopify_product_15427206283604
Autry,AUTRY Action People Jacket,shopify_product_15028288225620
Autry,AUTRY Action People Jacket,shopify_product_15427206381908
Autry,AUTRY CLC LOW SNEAKERS,shopify_product_15028314308948
Autry,AUTRY CLC LOW SNEAKERS,shopify_product_15028314472788
Autry,AUTRY Cotton Hoodie,shopify_product_15028287111508
Autry,AUTRY Cotton Hoodie,shopify_product_15028307820884
Autry,AUTRY Cotton Hoodie,shopify_product_15028308017492
Autry,AUTRY Cotton Hoodie,shopify_product_15028308181332
Autry,AUTRY Cotton Hoodie,shopify_product_15430986301780
Autry,AUTRY Cotton Hoodie,shopify_product_15430988464468
Autry,AUTRY Cotton Hoodie,shopify_product_15430991282516
Autry,AUTRY Cotton Hoodie,shopify_product_15430998098260
Autry,AUTRY Cotton T-shirt,shopify_product_15028287439188
Autry,AUTRY Cotton T-shirt,shopify_product_15028306903380
Autry,AUTRY Cotton T-shirt,shopify_product_15436357599572
Autry,AUTRY Cotton T-shirt,shopify_product_15436357992788
Autry,AUTRY Cotton T-shirt,shopify_product_15497304211796
Autry,AUTRY Cotton T-shirt,shopify_product_15540530512212
Autry,AUTRY Cotton Vest,shopify_product_15028306182484
Autry,AUTRY Cotton Vest,shopify_product_15018009100628
Autry,AUTRY Cotton Vest,shopify_product_15427238461780
Autry,AUTRY Knitted Vest,shopify_product_15018001400148
Autry,AUTRY Knitted Vest,shopify_product_15427238363476
Autry,AUTRY Lightweight Jacket,shopify_product_15028306379092
Autry,AUTRY Lightweight Jacket,shopify_product_15427206021460
Autry,AUTRY Logo Bomber Jacket,shopify_product_15028289601876
Autry,AUTRY Logo Bomber Jacket,shopify_product_15430997999956
Autry,AUTRY Logo Cardigan,shopify_product_15028308869460
Autry,AUTRY Logo Cardigan,shopify_product_15018010018132
Autry,AUTRY Logo Cardigan,shopify_product_15427207856468
Autry,AUTRY Logo Jacket,shopify_product_15028288815444
Autry,AUTRY Logo Jacket,shopify_product_15028309197140
Autry,AUTRY Logo Jacket,shopify_product_15427205529940
Autry,AUTRY Logo Jacket,shopify_product_15427208577364
Autry,AUTRY Logo Sweatshirt,shopify_product_15028309033300
Autry,AUTRY Logo Sweatshirt,shopify_product_15430984565076
Autry,AUTRY MEDALIST LOW SNEAKERS,shopify_product_15028314112340
Autry,AUTRY MEDALIST LOW SNEAKERS,shopify_product_15028314636628
Autry,AUTRY MEDALIST LOW SNEAKERS,shopify_product_15028314800468
Autry,AUTRY MEDALIST LOW SNEAKERS,shopify_product_15061333934420
Autry,AUTRY MEDALIST LOW SNEAKERS,shopify_product_15378506482004
Autry,AUTRY MEDALIST LOW SNEAKERS,shopify_product_15378506613076
Autry,AUTRY MEDALIST LOW SNEAKERS,shopify_product_15369127067988
Autry,AUTRY MEDALIST LOW SNEAKERS,shopify_product_15427276702036
Autry,AUTRY MEDALIST LOW SNEAKERS,shopify_product_15440799203668
Autry,AUTRY MEDALIST LOW SNEAKERS,shopify_product_15440805626196
Autry,AUTRY Medalist Leather Sneakers,shopify_product_15028314964308
Autry,AUTRY Medalist Leather Sneakers,shopify_product_15028315291988
Autry,AUTRY Medalist Leather Sneakers,shopify_product_15440807690580
Autry,AUTRY Medalist Leather Sneakers,shopify_product_15440808149332
Autry,AUTRY Medalist Super Vintage Sneakers,shopify_product_15357457826132
Autry,AUTRY Nylon Jacket,shopify_product_15028288061780
Autry,AUTRY Nylon Jacket,shopify_product_15427207004500
Autry,AUTRY SUPER VINTAGE LOW SNEAKERS,shopify_product_15028315455828
Autry,AUTRY SUPER VINTAGE LOW SNEAKERS,shopify_product_15028315619668
Autry,AUTRY SUPER VINTAGE LOW SNEAKERS,shopify_product_15028315783508
Autry,AUTRY Side Stripe Cardigan,shopify_product_15028309852500
Autry,AUTRY Side Stripe Cardigan,shopify_product_15427207266644
Autry,AUTRY Side band cardigan,shopify_product_15028306542932
Autry,AUTRY Side band cardigan,shopify_product_15018008904020
Autry,AUTRY Side band cardigan,shopify_product_15427208511828
Autry,AUTRY Sport Jacket,shopify_product_15028289208660
Autry,AUTRY Sport Jacket,shopify_product_15028289438036
Autry,AUTRY Sport Jacket,shopify_product_15426608267604
Autry,AUTRY Sport Jacket,shopify_product_15427207627092
Autry,AUTRY Track Bomber,shopify_product_15028308705620
Autry,AUTRY Track Bomber,shopify_product_15427205890388
Autry,AUTRY Track Pants,shopify_product_15028288454996
Autry,AUTRY Track Pants,shopify_product_15028288618836
Autry,AUTRY Track Pants,shopify_product_15028309590356
Autry,AUTRY Track Pants,shopify_product_15427255370068
Autry,AUTRY Track Pants,shopify_product_15427256090964
Autry,AUTRY Track Pants,shopify_product_15427256156500
Autry,AUTRY Unisex Chenille Hoodie,shopify_product_15028307067220
Autry,AUTRY Unisex Chenille Hoodie,shopify_product_15430993183060
Autry,AUTRY Unisex Chenille Staple Hoodie,shopify_product_15028307231060
Autry,AUTRY Unisex Chenille Staple Hoodie,shopify_product_15430991479124
Autry,AUTRY Velvet Pants,shopify_product_15028287668564
Autry,AUTRY Velvet Pants,shopify_product_15018002383188
Autry,AUTRY Velvet Pants,shopify_product_15427255927124
Autry,AUTRY Windbreaker Jacket,shopify_product_15028286947668
Autry,AUTRY Windbreaker Jacket,shopify_product_15028287897940
Autry,AUTRY Windbreaker Jacket,shopify_product_15028289012052
Autry,AUTRY Windbreaker Jacket,shopify_product_15028309754196
Autry,AUTRY Windbreaker Jacket,shopify_product_15427206480212
Autry,AUTRY Windbreaker Jacket,shopify_product_15427208118612
Autry,AUTRY Windbreaker Jacket,shopify_product_15427208347988
Autry,AUTRY Windbreaker Jacket,shopify_product_15427208708436
Autry,AUTRY Zipped Cardigan,shopify_product_15028305887572
Autry,AUTRY Zipped Cardigan,shopify_product_15427205431636
Autry,AUTRY Zipped Sweatshirt,shopify_product_15028306739540
Autry,AUTRY Zipped Sweatshirt,shopify_product_15431001375060
Autry,AUTRY track trousers,shopify_product_15028308476244
Autry,AUTRY track trousers,shopify_product_15427255664980
Patrizia Pepe,Abitino Yellow Flowers,shopify_product_12550583615828
Balmain,Abito con orlo a vista,shopify_product_15485189456212
Bottega Veneta,Acetate Sunglasses Acid Green and White Bottega Veneta,shopify_product_15546261930324
Acne Studios,Acne Studios  T-shirt,shopify_product_15028309295444
Acne Studios,Acne Studios  T-shirt,shopify_product_15436357402964
Acne Studios,Acne Studios Alpaca Blend Hooded Sweatshirt,shopify_product_15028309459284
Acne Studios,Acne Studios Bl&aring; Konst Cotton Denim Jeans,shopify_product_15552571474260
Acne Studios,Acne Studios Bl&aring; Konst Denim Jeans,shopify_product_15028309655892
Acne Studios,Acne Studios Bl&aring; Konst Denim Jeans,shopify_product_15427235119444
Acne Studios,Acne Studios Cargo Pants,shopify_product_15028309885268
Acne Studios,Acne Studios Checked Double-Breasted Wool Blend Coat,shopify_product_15048336605524
Acne Studios,Acne Studios Cotton Denim Jeans,shopify_product_15357459988820
Acne Studios,Acne Studios Printed T-Shirt,shopify_product_15060991836500
Acne Studios,Acne Studios River Dark Blue Cotton Denim Jeans,shopify_product_15481591267668
OFF-WHITE,Active Leggings Coral Red,shopify_product_12481063190868
OFF-WHITE,Active Swim Tight Boxer,shopify_product_12481409417556
ADD,Add,shopify_product_12480749896020
ADD,Add Down Jacket Beige,shopify_product_12481377370452
ADD,Add Down Jacket Black,shopify_product_12487652671828
ADD,Add Down Jacket Blue,shopify_product_12481382383956
ADD,Add Down Jacket Light Grey,shopify_product_12481377894740
ADD,Add Jacket Tan,shopify_product_12481376485716
ADD,Add Jacket Tan,shopify_product_12481376911700
ADD,Add Jacket Tan,shopify_product_12481375895892
ADD,Add Piumino long beige down women's jacket,shopify_product_12495179841876
Adidas,Adidas OZWEEGO W FW2736 Violet Women Sneakers,shopify_product_12502811705684
Ala&iuml;a,Alaia Blend Wool Leggins,shopify_product_15028323287380
Ala&iuml;a,Alaia Cotton Midi Dress,shopify_product_15028310114644
Ala&iuml;a,Alaia Cotton Midi Dress,shopify_product_15018013819220
Ala&iuml;a,Alaia Cotton Mini Dress,shopify_product_15028310311252
Ala&iuml;a,Alaia Sculpt Denim Dress,shopify_product_15061333737812
Ala&iuml;a,Alaia Wool Pencil Skirt,shopify_product_15028310475092
Ala&iuml;a,Alaia Wool Trousers,shopify_product_15369127821652
Alberta Ferretti,Alberta Ferretti Friday Rabbit Fur Jacket,shopify_product_15028310671700
Alberta Ferretti,Alberta Ferretti Friday Rabbit Fur Jacket,shopify_product_15018013851988
Alberta Ferretti,Alberta Ferretti Tie Dye Midi Skirt,shopify_product_15028310868308
Alberta Ferretti,Alberta Ferretti Wool Blend Dress,shopify_product_15028311064916
Alexander McQueen,Alexander McQueen Bandage Top,shopify_product_15028311228756
Alexander McQueen,Alexander McQueen Bomber Jacket,shopify_product_15028311458132
Alexander McQueen,Alexander McQueen Cotton Denim Jeans,shopify_product_15028311654740
Alexander McQueen,Alexander McQueen Cotton Denim Jeans,shopify_product_15427236331860
Alexander McQueen,Alexander McQueen Cotton Sweatshirt,shopify_product_15357458907476
Alexander McQueen,Alexander McQueen Crocodile Oversized Sneakers,shopify_product_15028311818580
Alexander McQueen,Alexander McQueen Degrad&egrave; Oversized Sneakers,shopify_product_15028312047956
Alexander McQueen,Alexander McQueen Hoodie Sweatshirt,shopify_product_15028312277332
Alexander McQueen,Alexander McQueen Lace-Up Derbies,shopify_product_15359612125524
Alexander McQueen,Alexander McQueen Logo T-Shirt,shopify_product_15028312441172
Alexander McQueen,Alexander McQueen Logo T-Shirt,shopify_product_15436364874068
Alexander McQueen,Alexander McQueen Mini T-bar Bag,shopify_product_15028312605012
Alexander McQueen,Alexander McQueen Oversized Dotted Cut-Out Sneakers,shopify_product_15028312801620
Alexander McQueen,Alexander McQueen Oversized Sneakers,shopify_product_15028313030996
Alexander McQueen,Alexander McQueen Oversized Sneakers,shopify_product_15028313358676
Alexander McQueen,Alexander McQueen Pied-De-Poule Wool Coat,shopify_product_15028313522516
Alexander McQueen,Alexander McQueen Short Sleeve Shirt,shopify_product_15028313751892
Alexander McQueen,Alexander McQueen Sling Pip Coin Pouch,shopify_product_15028313948500
Alexander McQueen,Alexander McQueen Sling Pip Coin Pouch,shopify_product_15534437040468
Alexander McQueen,Alexander McQueen Sling Pip Coin Pouch,shopify_product_15535155380564
Alexander McQueen,Alexander McQueen Sling Pip Coin Pouch,shopify_product_15538273681748
Alexander McQueen,Alexander McQueen Sling Pip Coin Pouch,shopify_product_15532112773460
Alexander McQueen,Alexander McQueen Sling Pip Coin Pouch,shopify_product_15546074399060
Alexander McQueen,Alexander McQueen Sling Pip Coin Pouch,shopify_product_15553700987220
Alexander McQueen,Alexander McQueen Sling Pip Coin Pouch,shopify_product_15547675607380
Alexander McQueen,Alexander McQueen Sling Pip Coin Pouch,shopify_product_15545156239700
Alexander McQueen,Alexander McQueen Sling Pip Coin Pouch,shopify_product_15552137232724
Alexander McQueen,Alexander McQueen Studded Oversized Sneakers,shopify_product_15028314210644
Alexander McQueen,Alexander McQueen Tread Slick High-Top Sneakers,shopify_product_15357457105236
Alexander McQueen,Alexander McQueen Treadslick High Top Sneakers,shopify_product_15028314374484
Alexander McQueen,Alexander Mcqueen Asymmetric Wool Jumper,shopify_product_15357456056660
Alexander McQueen,Alexander Mcqueen Classic Wool Trousers,shopify_product_15357458219348
Alexander McQueen,Alexander Mcqueen Cotton Logo Sweatpants,shopify_product_15028314538324
Alexander McQueen,Alexander Mcqueen Cotton Logo Sweatshirt,shopify_product_15028314767700
Alexander McQueen,Alexander Mcqueen Cotton Trousers,shopify_product_15028314931540
Alexander McQueen,Alexander Mcqueen Denim Jacket,shopify_product_15355815035220
Alexander McQueen,Alexander Mcqueen Logo Cotton Pants,shopify_product_15028315095380
Alexander McQueen,Alexander Mcqueen Logo Hooded Sweatshirt,shopify_product_15028315324756
Alexander McQueen,Alexander Mcqueen Logo Zipped Sweatshirt,shopify_product_15028315488596
Alexander McQueen,Alexander Mcqueen Wool Blend Padded Bomber,shopify_product_15028315685204
PINKO,Amaranto Knitwear a Costine,shopify_product_12550594396500
AMBUSH,Ambush Colour-Block Jacket,shopify_product_15028315914580
AMBUSH,Ambush Cotton Bermuda,shopify_product_15028316078420
AMBUSH,Ambush Cotton Bermuda Shorts,shopify_product_15028316275028
AMBUSH,Ambush Cotton Logo T-Shirt,shopify_product_15028316471636
AMBUSH,Ambush Cotton Logo T-Shirt,shopify_product_15028316635476
AMBUSH,Ambush Cotton Shirt,shopify_product_15028316799316
AMBUSH,Ambush Cotton Shorts,shopify_product_15028317094228
AMBUSH,Ambush Hooded Sweatshirt,shopify_product_15028317290836
AMBUSH,Ambush Hooded Sweatshirt,shopify_product_15028317552980
AMBUSH,Ambush Jersey T-Shirt,shopify_product_15028317716820
AMBUSH,Ambush Jersey T-Shirt,shopify_product_15436341936468
AMBUSH,Ambush Lightweight Track Pants,shopify_product_15028317913428
AMBUSH,Ambush Logo Hooded Sweatshirt,shopify_product_15028318077268
AMBUSH,Ambush Slim Denim Jeans,shopify_product_15028318634324
AMBUSH,Ambush White Cape T-Shirt,shopify_product_15028318830932
AMBUSH,Ambush White Cape T-Shirt,shopify_product_15436355993940
AMBUSH,Ambush Windbreaker Jacket,shopify_product_15028319027540
AMBUSH,Ambush Wool Shirt Jacket,shopify_product_15028319158612
AMI Paris,Ami Paris Casual Overshirt,shopify_product_15028319289684
AMI Paris,Ami Paris Tapered Fit Jeans,shopify_product_15357460119892
AMI Paris,Ami Paris Turtleneck Sweater,shopify_product_15369127657812
AMI Paris,Ami Paris Turtleneck Sweater,shopify_product_15427238232404
Amina Muaddi,Amina Muaddi 95mm Rosie Glass Pumps,shopify_product_15018003038548
Amina Muaddi,Amina Muaddi Alexa Glass 95 Snake Sandals,shopify_product_15028319584596
Amina Muaddi,Amina Muaddi Camelia 90 Mules,shopify_product_15028319748436
Amina Muaddi,Amina Muaddi Camelia Pumps,shopify_product_15028319879508
Amina Muaddi,Amina Muaddi Camelia Sling 60 Printed Denim Pumps,shopify_product_15028320010580
Amina Muaddi,Amina Muaddi Liya Boots,shopify_product_15028320371028
Amina Muaddi,Amina Muaddi Maya Sandals,shopify_product_15028320502100
Amina Muaddi,Amina Muaddi Shiona Slipper Crystals 95 Mules,shopify_product_15028320633172
Amiri,Amiri Demin Jacket,shopify_product_15054394687828
Amiri,Amiri Leather Pants,shopify_product_15028320797012
Amiri,Amiri Logo Tie-Dye Hoodie Sweatshirt,shopify_product_15028320928084
Amiri,Amiri Playboy Magazine Trucker Denim Jacket,shopify_product_15054394720596
Bottega Veneta,Animal Print Boxer Costume Bottega Veneta,shopify_product_15394834415956
Aquazzura,Aquazzura Illusion Slingback Pumps,shopify_product_15028321157460
Palm Angels,Archive Check,shopify_product_12481496285524
Armani Exchange,Armani Exchange Dark Denim Short Sleeve Shirt,shopify_product_15545921831252
Armani Exchange,Armani Exchange Jackets Yellow,shopify_product_15545923010900
Armani Exchange,Armani Exchange Short Dresses Fuchsia,shopify_product_15545924190548
ARMA,Armani Jeans Silk Blouse White,shopify_product_12481263698260
OFF-WHITE,Athleisure Cycling Shorts Black,shopify_product_12481062994260
Autry,Autry Logo bomber jacket,shopify_product_15028307427668
Autry,Autry Logo bomber jacket,shopify_product_15427207496020
Autry,Autry Medalist Bicolore Sneakers,shopify_product_15028301955412
Autry,Autry Medalist Bicolore Sneakers,shopify_product_15028302283092
Autry,Autry Medalist Bicolore Sneakers,shopify_product_15028302446932
Autry,Autry Medalist Bicolore Sneakers,shopify_product_15499530010964
Autry,Autry Medalist Leather Sneakers,shopify_product_15357458088276
Autry,Autry Medalist Leather Sneakers,shopify_product_15474642747732
Autry,Autry Medalist Sneakers,shopify_product_15028301529428
Autry,Autry Medalist Sneakers,shopify_product_15018007920980
Autry,Autry Medalist Sneakers,shopify_product_15427276800340
Autry,Autry Medalist Sneakers,shopify_product_15427276996948
Autry,Autry Medalist Sneakers,shopify_product_15440813064532
Autry,Autry Medalist leather sneakers,shopify_product_12501197357396
Autry,Autry Medalist leather sneakers,shopify_product_15028316602708
Autry,Autry Medalist leather sneakers,shopify_product_15037009330516
Autry,Autry Medalist leather sneakers,shopify_product_15026020286804
Autry,Autry Medalist leather sneakers,shopify_product_15440807002452
Autry,Autry Nylon Jacket,shopify_product_15028308345172
Autry,Autry Nylon Jacket,shopify_product_15427206218068
Autry,Autry Reelwind Sneakers,shopify_product_15427276243284
Autry,Autry Reelwind Sneakers,shopify_product_15427276407124
Autry,Autry Reelwind Sneakers,shopify_product_15427277160788
Autry,Autry Reelwind Sneakers,shopify_product_15427277390164
Autry,Autry Side band cardigan,shopify_product_15028306051412
Autry,Autry Side band cardigan,shopify_product_15427207987540
Autry,Autry Sporty Long Sleeve Polo,shopify_product_15028287275348
Autry,Autry Sporty Long Sleeve Polo,shopify_product_15028307591508
Autry,Autry Sporty Long Sleeve Polo,shopify_product_15427274867028
Autry,Autry Sporty Long Sleeve Polo,shopify_product_15427274998100
Balmain,BALMAIN  Army 42 shopper bag,shopify_product_15028294779220
Balmain,BALMAIN B-Army Shopper Bag,shopify_product_15028294254932
Balmain,BALMAIN B-army shoulder bag,shopify_product_15028294975828
Balmain,BALMAIN Leather Belt,shopify_product_15028299530580
Balmain,BALMAIN Leather Belt,shopify_product_15028299759956
Balmain,BALMAIN Leather Belt,shopify_product_15028299956564
Balmain,BALMAIN Leather Belt,shopify_product_15414499606868
Balmain,BALMAIN Wool Hat,shopify_product_15028298383700
Bottega Veneta,BOTTEGA VENETA Intrecciato leather flat sandals,shopify_product_15018004185428
Balenciaga,Balenciaga All In Crepe Dress,shopify_product_15357460545876
Balenciaga,Balenciaga Allover Logo Over Homewear Shirt,shopify_product_15394826027348
Balenciaga,Balenciaga Beverly Hills T-Shirt,shopify_product_15060991967572
Balenciaga,Balenciaga Beverly Hills T-Shirt,shopify_product_15436344721748
Balenciaga,Balenciaga Cagole Boots,shopify_product_15028321452372
Balenciaga,Balenciaga Cagole Leather Sandals,shopify_product_15028321616212
Balenciaga,Balenciaga Cantone Logo Jacket,shopify_product_15048336867668
Balenciaga,Balenciaga Card Holders Beige,shopify_product_15394826322260
Balenciaga,Balenciaga Cashmere And Wool Cinched Coat,shopify_product_15048336638292
Balenciaga,Balenciaga Cashmere Blend Rib Knit Turtleneck,shopify_product_15357461692756
Balenciaga,Balenciaga Crop Boucl&eacute; Cardigan,shopify_product_15355086176596
Balenciaga,Balenciaga Icon Print T-shirt Dress,shopify_product_15060991934804
Balenciaga,Balenciaga Knife Boot Fluo Pink Over The Knee,shopify_product_15546392215892
Balenciaga,Balenciaga Knitted Top,shopify_product_15028321780052
Balenciaga,Balenciaga Le Cagole Cylindrical Shoulder Bag,shopify_product_15028321878356
Balenciaga,Balenciaga Le Cagole Xs Bag,shopify_product_15028295434580
Balenciaga,Balenciaga Leather BB Wallet And Card Holder,shopify_product_15028322107732
Balenciaga,Balenciaga Mini Dress,shopify_product_15357460611412
Balenciaga,Balenciaga Paris Leather Sneakers,shopify_product_15028321976660
Balenciaga,Balenciaga Poplin Oversize Shirt,shopify_product_15058869158228
Balenciaga,Balenciaga Printed Shirt,shopify_product_15355815756116
Balenciaga,Balenciaga Satin Strappy Midi Dress,shopify_product_15357461397844
Balenciaga,Balenciaga Small BB Shoulder Bag,shopify_product_15028322074964
Balenciaga,Balenciaga Speed LT Sock Sneakers,shopify_product_15028295467348
Balenciaga,Balenciaga Spiral Mini Dress,shopify_product_15357460676948
Balenciaga,Balenciaga Spiral Mini Dress,shopify_product_15534507655508
Balenciaga,Balenciaga Spiral Mini Dress,shopify_product_15535207416148
Balenciaga,Balenciaga Spiral Mini Dress,shopify_product_15538358190420
Balenciaga,Balenciaga Spiral Mini Dress,shopify_product_15532225593684
Balenciaga,Balenciaga Spiral Mini Dress,shopify_product_15545168953684
Balenciaga,Balenciaga Spiral Mini Dress,shopify_product_15546237321556
Balenciaga,Balenciaga Spiral Mini Dress,shopify_product_15546739687764
Balenciaga,Balenciaga Spiral Mini Dress,shopify_product_15547392098644
Balenciaga,Balenciaga Spiral Mini Dress,shopify_product_15552500367700
Balenciaga,Balenciaga Spiral Mini Dress,shopify_product_15552154304852
Balenciaga,Balenciaga Spiral Mini Dress,shopify_product_15547770044756
Balenciaga,Balenciaga Spiral Mini Dress,shopify_product_15550300717396
Balenciaga,Balenciaga Spiral Mini Dress,shopify_product_15551980437844
Balenciaga,Balenciaga Spiral Mini Dress,shopify_product_15552241041748
Balenciaga,Balenciaga Sporty B Bermuda,shopify_product_15028295631188
Balenciaga,Balenciaga Stencil Medium Fit Hooded Sweatshirt,shopify_product_15357458121044
Balenciaga,Balenciaga Triple S Low-Top Sneakers,shopify_product_15028295795028
Balenciaga,Balenciaga Triple S Sneakers,shopify_product_15028295958868
Balenciaga,Balenciaga Tweed Blazer Jacket,shopify_product_15054394753364
Balenciaga,Balenciaga Wool Blazer,shopify_product_15054394786132
Balenciaga,Balenciaga Wool Flared Pants,shopify_product_15357456941396
Balenciaga,Balenciaga Wool Jacket,shopify_product_15054394818900
Balenciaga,Balenciaga Wool Jacket,shopify_product_15054394851668
Adidas,Balenciaga X Adidas Speed 2.0 Lt Sock Sneakers,shopify_product_15028296122708
Balenciaga,Balenciaga jacquard Logo Sweater,shopify_product_15357455204692
Bally,Bally Janelle Loafers,shopify_product_15028296253780
Balmain,Balmain B-Army 42 Shopper Bag,shopify_product_15028298809684
Balmain,Balmain B-Army Bag,shopify_product_15028295139668
Balmain,Balmain B-Army logo-print shoulder bag,shopify_product_15028296679764
Balmain,Balmain Cargo Pants,shopify_product_15028296417620
Balmain,Balmain Casual Bomber Jacket,shopify_product_15028296581460
Balmain,Balmain Circle Logo Cotton Sweatshirt,shopify_product_15028296712532
Balmain,Balmain Cotton Denim Shirt,shopify_product_15028296876372
Balmain,Balmain Cotton Denim Shirt,shopify_product_15028297007444
Balmain,Balmain Cotton Logo Sweater,shopify_product_15028297204052
Balmain,Balmain Cotton Logo Sweatshirt,shopify_product_15028297367892
Balmain,Balmain Cotton Sweatpants,shopify_product_15028297531732
Balmain,Balmain Cotton T-shirt,shopify_product_15028298219860
Balmain,Balmain Cotton T-shirt,shopify_product_15018006118740
Balmain,Balmain Cotton T-shirt,shopify_product_15436345737556
Balmain,Balmain Cotton Trousers Black,shopify_product_12481123451220
Balmain,Balmain Cropped Pants,shopify_product_15028297695572
Balmain,Balmain Cropped Straight Jeans,shopify_product_15028297859412
Balmain,Balmain Denim Mini Dress,shopify_product_15028298023252
Balmain,Balmain Distressed Jeans,shopify_product_15028298154324
Balmain,Balmain Double-Breasted Blazer,shopify_product_15028298318164
Balmain,Balmain Flocked Paris Sweatshirt,shopify_product_15028298482004
Balmain,Balmain Jeans Black,shopify_product_15471431811412
Balmain,Balmain Logo Hoodie,shopify_product_15028296057172
Balmain,Balmain Logo Hoodie,shopify_product_15028296483156
Balmain,Balmain Logo Hoodie,shopify_product_15028298973524
Balmain,Balmain Logo Motif Hoodie,shopify_product_15028295860564
Balmain,Balmain Logo Motif Hoodie,shopify_product_15028296319316
Balmain,Balmain Logo Pullover,shopify_product_15028298645844
Balmain,Balmain Logo Shoulder Bag,shopify_product_15028295336276
Balmain,Balmain Logo Shoulder Bag,shopify_product_15028295565652
Balmain,Balmain Logo Shoulder Bag,shopify_product_15018005070164
Balmain,Balmain Logo Tote Bag,shopify_product_15028294418772
Balmain,Balmain Logo Tote Bag,shopify_product_15028294582612
Balmain,Balmain Logo Tote Bag,shopify_product_15018004873556
Balmain,Balmain Logo Windbreaker,shopify_product_15028298776916
Balmain,Balmain Monogrammed Hooded Sweatshirt,shopify_product_15028298940756
Balmain,Balmain Nylon Logo Jacket,shopify_product_15028299071828
Balmain,Balmain Nylon Monogram Jacket,shopify_product_15028299235668
Balmain,Balmain Oversize Cotton T-Shirt,shopify_product_15028299399508
Balmain,Balmain Reversible Bomber Jacket,shopify_product_15028299563348
Balmain,Balmain Slim Cotton Pants,shopify_product_15028299727188
Balmain,Balmain Stretch Mini Skirt,shopify_product_15028302545236
Balmain,Balmain Striped T-shirt,shopify_product_15471417131348
Balmain,Balmain Track Pants,shopify_product_15028299891028
Balmain,Balmain Viscose Pants,shopify_product_15028300022100
Balmain,Balmain Windbreaker Jacket,shopify_product_15028300185940
Balmain,Balmain cotton polo shirt,shopify_product_15028297236820
Balmain,Balmain cotton polo shirt,shopify_product_15028297400660
Balmain,Balmain cropped logo sweatshirt,shopify_product_15028296843604
Balmain,Balmain cropped logo sweatshirt,shopify_product_15028297040212
Balmain,Balmain leather-trimmed Canvas Tote Bag,shopify_product_15028295696724
Balmain,Balmain logo T-shirt,shopify_product_15028297957716
Balmain,Balmain logo T-shirt,shopify_product_15018006053204
Balmain,Balmain logo T-shirt,shopify_product_15436345966932
Balmain,Balmain logo jogging pants,shopify_product_15028299170132
Balmain,Balmain logo jogging pants,shopify_product_15028299333972
Balmain,Balmain logo-print T-shirt,shopify_product_15028297630036
Balmain,Balmain logo-print T-shirt,shopify_product_15028298580308
Balmain,Balmain logo-print T-shirt,shopify_product_15436346294612
Balmain,Balmain logo-print T-shirt,shopify_product_15436358353236
Balmain,Balmain logo-print T-shirt,shopify_product_15436358910292
Balmain,"Balmain virgin wool and lyocell turtleneck sweater, silver",shopify_product_12481129414996
Jacob Cohen,Bard,shopify_product_12480760349012
Dolce & Gabbana,Beachwear Milan League,shopify_product_15414452846932
Jil Sander,Beige Tank Top in Cotton Gauze Jil Sander,shopify_product_15546234929492
Burberry,Belt Shield Brushed,shopify_product_12480968589652
Burberry,Belt Shield Split Ekd,shopify_product_12480969081172
Burberry,Belt Shield Split Ekd,shopify_product_12480968819028
CP Company,Bermuda Shorts Cotone Gabardina,shopify_product_15414436692308
Hinnominate,Bermuda Shorts Cotone Pink,shopify_product_12481098154324
Hinnominate,Bermuda Shorts Cotone Rigato,shopify_product_12481099202900
ARMA,Bermuda Shorts Stampa Astratta,shopify_product_15414521168212
Dolce & Gabbana,Bermuda Shorts Striped,shopify_product_15423863685460
Dolce & Gabbana,Bermuda Shorts in Denim,shopify_product_15423863980372
Hinnominate,Bermuda Shorts in Sweatshirt,shopify_product_12481114767700
Hinnominate,Bermuda Shorts in Sweatshirt,shopify_product_12481114243412
Hinnominate,Bermuda Shorts in Sweatshirt,shopify_product_12481115160916
Hinnominate,Bermuda Shorts in Sweatshirt,shopify_product_12481114505556
Dirk Bikkembergs,Bikkembergs Jeans Dark Blue,shopify_product_12480783090004
Dirk Bikkembergs,Bikkembergs Jeans Dark Blue,shopify_product_12480783319380
Dirk Bikkembergs,Bikkembergs Shorts,shopify_product_12480783450452
Dirk Bikkembergs,"Bikkenbergs Belt, Yellow Lime Color, Clip Closure.",shopify_product_12480775815508
Lardini,Black Dress with Tulle Bodice,shopify_product_15545745834324
Giuseppe Zanotti,Black Sneaker with Fur and Crystals Giuseppe Zanotti,shopify_product_15545997033812
Giorgio Armani,Black silk tie by Giorgio Armani,shopify_product_15546128662868
Blanca Vita,Blanca Vita Abelia Laminated Mini Dress,shopify_product_15028300349780
Blanca Vita,Blanca Vita Abelia Laminated Mini Dress,shopify_product_15028300480852
Blanca Vita,Blanca Vita Acacia Satin Slip Midi Dress,shopify_product_15028300677460
Blanca Vita,Blanca Vita Cropped Tailored Trousers,shopify_product_15028300841300
Blanca Vita,Blanca Vita Cropped Tailored Trousers,shopify_product_15427258220884
Blanca Vita,Blanca Vita Cropped Trousers,shopify_product_15028301005140
Blanca Vita,Blanca Vita Cropped Trousers,shopify_product_15427258384724
Blanca Vita,Blanca Vita Faux Leather Shorts,shopify_product_15028301136212
Blanca Vita,Blanca Vita Faux Leather Shorts,shopify_product_15430911623508
Blanca Vita,Blanca Vita Mini Dress,shopify_product_15028301267284
Blanca Vita,Blanca Vita Mini Dress,shopify_product_15426440069460
Blanca Vita,Blanca Vita Palazzo Trousers,shopify_product_15028301431124
Blanca Vita,Blanca Vita Palazzo Trousers,shopify_product_15427257762132
Blanca Vita,Blanca Vita Pamela Trousers,shopify_product_15028301594964
Blanca Vita,Blanca Vita Pamela Trousers,shopify_product_15427257598292
Blanca Vita,Blanca Vita Passiflora Tailored Trousers,shopify_product_15028301726036
Blanca Vita,Blanca Vita Passiflora Tailored Trousers,shopify_product_15427258024276
Blanca Vita,Blanca Vita Pistacia Trousers,shopify_product_15028301857108
Blanca Vita,Blanca Vita Pistacia Trousers,shopify_product_15427258515796
Blanca Vita,Blanca Vita Satin Effect Jacket,shopify_product_15028302053716
Blanca Vita,Blanca Vita Sequin-Embellished Long Dress,shopify_product_15028302217556
Blanca Vita,Blanca Vita Sequin-Embellished Long Dress,shopify_product_15018004250964
Balmain,Blazer Autres Black,shopify_product_12481121288532
Dolce & Gabbana,Blazer Blue Patterned Single Breasted,shopify_product_15414440952148
Balmain,Blazer Corto Black,shopify_product_15482574799188
Balmain,Blazer Double-Breasted,shopify_product_15482579452244
Balmain,Blazer Double-Breasted,shopify_product_15482579681620
Balmain,Blazer Double-Breasted Yellow Fluo,shopify_product_15471413461332
Patrizia Pepe,Blazer Single-Breasted,shopify_product_12507026358612
Dolce & Gabbana,Blazer Single-Breasted,shopify_product_15414450618708
Dolce & Gabbana,Blazer Single-Breasted,shopify_product_15414452027732
Dolce & Gabbana,Blouse Ricamo Lace,shopify_product_15423847039316
Malone Souliers,Blue wool jacket with contrasting checks,shopify_product_15545712738644
Blumarine,Blumarine Wool Blend Sweater,shopify_product_15028302348628
Patrizia Pepe,Blusa Astral Blush,shopify_product_12550574899540
Patrizia Pepe,Blusa Astral Blush,shopify_product_12550582993236
Patrizia Pepe,Blusa Hybrid Rose,shopify_product_12550577652052
Patrizia Pepe,Blusa Multicolor,shopify_product_12550550454612
Patrizia Pepe,Blusa Orange Sorbet,shopify_product_12550569853268
Patrizia Pepe,Blusa Taglio Incrociato,shopify_product_12550581223764
Dolce & Gabbana,Blusa in Tema Siciliana,shopify_product_15414448685396
Patrizia Pepe,Bluse Astral Blush,shopify_product_12550581616980
Jacob Cohen,Bobby New Collection,shopify_product_15482925711700
Jacob Cohen,Bobby New Collection,shopify_product_15482926039380
Elisabetta Franchi,Body Green Aqua,shopify_product_15482603471188
PINKO,Body Ines Pinko,shopify_product_15029977416020
Patrizia Pepe,Body Shiny Gold,shopify_product_12550579159380
Elisabetta Franchi,Body a Long Sleeve,shopify_product_15482603569492
Elisabetta Franchi,Body with Apertura Posteriore,shopify_product_15482598130004
Elisabetta Franchi,Body with Apertura Posteriore,shopify_product_15482603766100
Elisabetta Franchi,Body with Scollo a V,shopify_product_15414499377492
Dolce & Gabbana,Bomber Jacket Felpato,shopify_product_15471443509588
CP Company,Bomber Jacket Nylon Double Weave,shopify_product_15414495314260
Dolce & Gabbana,Bomber Jacket with Knitwear,shopify_product_15414441083220
Emporio Armani,Borsa Mini Baguette,shopify_product_12481013776724
Patrizia Pepe,Borsa Tracolla Quadrata,shopify_product_15048442937684
Dolce & Gabbana,Borsello with Tracolla,shopify_product_12481035665748
Don The Fuller,Boston,shopify_product_12480761528660
Don The Fuller,Boston,shopify_product_12480765460820
Bottega Veneta,Bottega Veneta  Lido Leather Flat Sandals,shopify_product_15028288487764
Bottega Veneta,Bottega Veneta  Lido Leather Flat Sandals,shopify_product_15018004480340
Bottega Veneta,Bottega Veneta Amy Leather Mules,shopify_product_15028302479700
Bottega Veneta,Bottega Veneta Amy Leather Sandals,shopify_product_15028302643540
Bottega Veneta,Bottega Veneta Animal Print Swim Boxer,shopify_product_15394811248980
Bottega Veneta,Bottega Veneta Arco Mini Tote bag,shopify_product_15018307682644
Bottega Veneta,Bottega Veneta Arco Mini Tote bag,shopify_product_15043309699412
Bottega Veneta,Bottega Veneta Ballerina Flats,shopify_product_15028302774612
Bottega Veneta,Bottega Veneta Brown Viscose Pleated Sweater,shopify_product_15546263142740
Bottega Veneta,Bottega Veneta Bucket hat,shopify_product_15028323942740
Bottega Veneta,Bottega Veneta Cardigan,shopify_product_15357455335764
Bottega Veneta,Bottega Veneta Cashmere Sweater,shopify_product_15357455237460
Bottega Veneta,Bottega Veneta Cobble Small Shoulder Bag,shopify_product_15028295598420
Bottega Veneta,Bottega Veneta Cotton Blazer,shopify_product_15054394884436
Bottega Veneta,Bottega Veneta Cotton Blazer,shopify_product_15534529216852
Bottega Veneta,Bottega Veneta Cotton Blazer,shopify_product_15535241265492
Bottega Veneta,Bottega Veneta Cotton Blazer,shopify_product_15538392760660
Bottega Veneta,Bottega Veneta Cotton Blazer,shopify_product_15532278776148
Bottega Veneta,Bottega Veneta Cotton Blazer,shopify_product_15545176359252
Bottega Veneta,Bottega Veneta Cotton Blazer,shopify_product_15546291061076
Bottega Veneta,Bottega Veneta Cotton Blazer,shopify_product_15546791428436
Bottega Veneta,Bottega Veneta Cotton Blazer,shopify_product_15547438137684
Bottega Veneta,Bottega Veneta Cotton Blazer,shopify_product_15552354713940
Bottega Veneta,Bottega Veneta Cotton Blazer,shopify_product_15553571750228
Bottega Veneta,Bottega Veneta Cotton Blazer,shopify_product_15547803697492
Bottega Veneta,Bottega Veneta Cotton Blazer,shopify_product_15551993676116
Bottega Veneta,Bottega Veneta Cotton Strapless Wide Dress.,shopify_product_15546278216020
Bottega Veneta,Bottega Veneta Double Face Wool Mohair Coconut Skirt (Imperfect),shopify_product_12406843507028
Bottega Veneta,Bottega Veneta Double-Breasted Blazer,shopify_product_15355814871380
Bottega Veneta,Bottega Veneta Double-Breasted Blazer,shopify_product_15534528528724
Bottega Veneta,Bottega Veneta Double-Breasted Blazer,shopify_product_15535240347988
Bottega Veneta,Bottega Veneta Double-Breasted Blazer,shopify_product_15538391253332
Bottega Veneta,Bottega Veneta Double-Breasted Blazer,shopify_product_15532277530964
Bottega Veneta,Bottega Veneta Double-Breasted Blazer,shopify_product_15545176195412
Bottega Veneta,Bottega Veneta Double-Breasted Blazer,shopify_product_15546289488212
Bottega Veneta,Bottega Veneta Double-Breasted Blazer,shopify_product_15546790379860
Bottega Veneta,Bottega Veneta Double-Breasted Blazer,shopify_product_15547437056340
Bottega Veneta,Bottega Veneta Double-Breasted Blazer,shopify_product_15552354484564
Bottega Veneta,Bottega Veneta Double-Breasted Blazer,shopify_product_15553571553620
Bottega Veneta,Bottega Veneta Double-Breasted Blazer,shopify_product_15547802747220
Bottega Veneta,Bottega Veneta Double-Breasted Blazer,shopify_product_15551993577812
Bottega Veneta,Bottega Veneta Down Jacket,shopify_product_15054394982740
Bottega Veneta,Bottega Veneta Fireman Ankle Boots,shopify_product_15028302971220
Bottega Veneta,Bottega Veneta Fireman Ankle Boots,shopify_product_15018004578644
Bottega Veneta,Bottega Veneta Flash Slides,shopify_product_15028303135060
Bottega Veneta,Bottega Veneta Flash leather boots,shopify_product_15018003857748
Bottega Veneta,Bottega Veneta Flex Sandals,shopify_product_15028303298900
Bottega Veneta,Bottega Veneta Glaze Aviator Sunglasses,shopify_product_15028323844436
Bottega Veneta,Bottega Veneta Glaze Aviator Sunglasses,shopify_product_15534419476820
Bottega Veneta,Bottega Veneta Glaze Aviator Sunglasses,shopify_product_15535139160404
Bottega Veneta,Bottega Veneta Glaze Aviator Sunglasses,shopify_product_15538264211796
Bottega Veneta,Bottega Veneta Glaze Aviator Sunglasses,shopify_product_15532102648148
Bottega Veneta,Bottega Veneta Glaze Aviator Sunglasses,shopify_product_15545999786324
Bottega Veneta,Bottega Veneta Glaze Aviator Sunglasses,shopify_product_15546635714900
Bottega Veneta,Bottega Veneta Glaze Aviator Sunglasses,shopify_product_15547253555540
Bottega Veneta,Bottega Veneta Glaze Aviator Sunglasses,shopify_product_15552339083604
Bottega Veneta,Bottega Veneta Glaze Aviator Sunglasses,shopify_product_15552423362900
Bottega Veneta,Bottega Veneta Glaze Aviator Sunglasses,shopify_product_15553695842644
Bottega Veneta,Bottega Veneta Glaze Aviator Sunglasses,shopify_product_15547651424596
Bottega Veneta,Bottega Veneta Glaze Aviator Sunglasses,shopify_product_15545152864596
Bottega Veneta,Bottega Veneta Glaze Aviator Sunglasses,shopify_product_15551310397780
Bottega Veneta,Bottega Veneta Glaze Aviator Sunglasses,shopify_product_15551955337556
Bottega Veneta,Bottega Veneta Glaze Aviator Sunglasses,shopify_product_15552134447444
Bottega Veneta,Bottega Veneta Glaze Aviator Sunglasses,shopify_product_15552176849236
Bottega Veneta,Bottega Veneta Grain De Poudre Wool Shirt,shopify_product_15357456122196
Bottega Veneta,Bottega Veneta High-Neck Jacket,shopify_product_15355814838612
Bottega Veneta,Bottega Veneta Highway Leather Boots,shopify_product_15028303462740
Bottega Veneta,Bottega Veneta Intrecciato Case,shopify_product_15546119061844
Bottega Veneta,Bottega Veneta Intrecciato Case,shopify_product_15546657538388
Bottega Veneta,Bottega Veneta Intrecciato Case,shopify_product_15547284881748
Bottega Veneta,Bottega Veneta Intrecciato Case,shopify_product_15552340984148
Bottega Veneta,Bottega Veneta Intrecciato Case,shopify_product_15552432898388
Bottega Veneta,Bottega Veneta Intrecciato Case,shopify_product_15553270055252
Bottega Veneta,Bottega Veneta Intrecciato Case,shopify_product_15553519485268
Bottega Veneta,Bottega Veneta Intrecciato Case,shopify_product_15553707409748
Bottega Veneta,Bottega Veneta Intrecciato Case,shopify_product_15547686060372
Bottega Veneta,Bottega Veneta Intrecciato Case,shopify_product_15545158566228
Bottega Veneta,Bottega Veneta Intrecciato Case,shopify_product_15551331303764
Bottega Veneta,Bottega Veneta Intrecciato Case,shopify_product_15551963464020
Bottega Veneta,Bottega Veneta Intrecciato Case,shopify_product_15552138871124
Bottega Veneta,Bottega Veneta Intrecciato Case,shopify_product_15552196018516
Bottega Veneta,Bottega Veneta Intrecciato Document Case,shopify_product_15370111877460
Bottega Veneta,Bottega Veneta Intrecciato Leather Card Holder,shopify_product_15028293173588
Bottega Veneta,Bottega Veneta Intrecciato Leather Sneakers,shopify_product_15028303626580
Bottega Veneta,Bottega Veneta Jack Flat Mule Sandals,shopify_product_15028303757652
Bottega Veneta,Bottega Veneta Knot Leather Mules,shopify_product_15028288651604
Bottega Veneta,Bottega Veneta Leather Ankle Boots,shopify_product_15028303888724
Bottega Veneta,Bottega Veneta Leather Coin Purse,shopify_product_15028289143124
Bottega Veneta,Bottega Veneta Leather Coin Purse,shopify_product_15028289306964
Bottega Veneta,Bottega Veneta Leather Coin Purse,shopify_product_15028323909972
Bottega Veneta,Bottega Veneta Leather mules,shopify_product_15028288979284
Bottega Veneta,Bottega Veneta Leopard Print Calf Hair Skirt,shopify_product_15058869649748
Bottega Veneta,Bottega Veneta Lido Leather Mules,shopify_product_15028324008276
Bottega Veneta,Bottega Veneta Lido Mules,shopify_product_15028287930708
Bottega Veneta,Bottega Veneta Lido Raffia Mules,shopify_product_15028324041044
Bottega Veneta,Bottega Veneta Loose-Fitting Trousers,shopify_product_15357457236308
Bottega Veneta,Bottega Veneta Midi Cotton Dress,shopify_product_15028289470804
Bottega Veneta,Bottega Veneta Midi Cotton Dress,shopify_product_15534508802388
Bottega Veneta,Bottega Veneta Midi Cotton Dress,shopify_product_15535209185620
Bottega Veneta,Bottega Veneta Midi Cotton Dress,shopify_product_15538359566676
Bottega Veneta,Bottega Veneta Midi Cotton Dress,shopify_product_15532228018516
Bottega Veneta,Bottega Veneta Midi Cotton Dress,shopify_product_15545169281364
Bottega Veneta,Bottega Veneta Midi Cotton Dress,shopify_product_15546240893268
Bottega Veneta,Bottega Veneta Midi Cotton Dress,shopify_product_15546742538580
Bottega Veneta,Bottega Veneta Midi Cotton Dress,shopify_product_15547394097492
Bottega Veneta,Bottega Veneta Midi Cotton Dress,shopify_product_15552349733204
Bottega Veneta,Bottega Veneta Midi Cotton Dress,shopify_product_15552506102100
Bottega Veneta,Bottega Veneta Midi Cotton Dress,shopify_product_15553551466836
Bottega Veneta,Bottega Veneta Midi Cotton Dress,shopify_product_15552157581652
Bottega Veneta,Bottega Veneta Midi Cotton Dress,shopify_product_15547771519316
Bottega Veneta,Bottega Veneta Midi Cotton Dress,shopify_product_15551981060436
Bottega Veneta,Bottega Veneta Midi Cotton Dress,shopify_product_15552242418004
Bottega Veneta,Bottega Veneta Monsieur Ankle Boots,shopify_product_15028304052564
Bottega Veneta,Bottega Veneta Orange Weave Swim Trunks,shopify_product_15546275889492
Bottega Veneta,Bottega Veneta Padded Coat,shopify_product_15048336933204
Bottega Veneta,Bottega Veneta Padded Sandals,shopify_product_15028304216404
Bottega Veneta,Bottega Veneta Padded Sandals,shopify_product_15018005037396
Bottega Veneta,Bottega Veneta Padded Vest Jacket,shopify_product_15028304544084
Bottega Veneta,Bottega Veneta Puddle Boots,shopify_product_15028289667412
Bottega Veneta,Bottega Veneta Reversible Leather Belt,shopify_product_15028286914900
Bottega Veneta,Bottega Veneta Satin Parka,shopify_product_15048336441684
Bottega Veneta,Bottega Veneta Satin Parka,shopify_product_15534270480724
Bottega Veneta,Bottega Veneta Satin Parka,shopify_product_15534496973140
Bottega Veneta,Bottega Veneta Satin Parka,shopify_product_15535189328212
Bottega Veneta,Bottega Veneta Satin Parka,shopify_product_15538341708116
Bottega Veneta,Bottega Veneta Satin Parka,shopify_product_15532191285588
Bottega Veneta,Bottega Veneta Satin Parka,shopify_product_15546203898196
Bottega Veneta,Bottega Veneta Satin Parka,shopify_product_15546712260948
Bottega Veneta,Bottega Veneta Satin Parka,shopify_product_15547373224276
Bottega Veneta,Bottega Veneta Satin Parka,shopify_product_15552346194260
Bottega Veneta,Bottega Veneta Satin Parka,shopify_product_15552476741972
Bottega Veneta,Bottega Veneta Satin Parka,shopify_product_15553307443540
Bottega Veneta,Bottega Veneta Satin Parka,shopify_product_15553534886228
Bottega Veneta,Bottega Veneta Satin Parka,shopify_product_15553717240148
Bottega Veneta,Bottega Veneta Satin Parka,shopify_product_15547748188500
Bottega Veneta,Bottega Veneta Satin Parka,shopify_product_15545165775188
Bottega Veneta,Bottega Veneta Satin Parka,shopify_product_15551366594900
Bottega Veneta,Bottega Veneta Satin Parka,shopify_product_15551975915860
Bottega Veneta,Bottega Veneta Satin Parka,shopify_product_15552148930900
Bottega Veneta,Bottega Veneta Satin Parka,shopify_product_15552213352788
Bottega Veneta,Bottega Veneta Sawyer Leather Sneakers,shopify_product_15028304707924
Bottega Veneta,Bottega Veneta Sunglasses Orange,shopify_product_15394835333460
Bottega Veneta,Bottega Veneta Sunglasses Silver,shopify_product_15546172801364
Bottega Veneta,Bottega Veneta Swim Short,shopify_product_15028290027860
Bottega Veneta,Bottega Veneta Swimwear Black,shopify_product_15394834710868
Bottega Veneta,Bottega Veneta Swimwear Green,shopify_product_15546295550292
Bottega Veneta,Bottega Veneta Tarik Criss Cross Sandal,shopify_product_15028304871764
Bottega Veneta,Bottega Veneta Tire Boots,shopify_product_15028305002836
Bottega Veneta,Bottega Veneta Transparent Green Acetate Sunglasses,shopify_product_15546169622868
Bottega Veneta,Bottega Veneta Windbreaker Jacket,shopify_product_15054394917204
Bottega Veneta,Bottega Veneta Wool Blend Woven Sweater,shopify_product_15546289914196
Bottega Veneta,Bottega Veneta Wool Twill Blazer,shopify_product_15054394949972
Bottega Veneta,Bottega Veneta Wool Twill Blazer,shopify_product_15534528823636
Bottega Veneta,Bottega Veneta Wool Twill Blazer,shopify_product_15535240642900
Bottega Veneta,Bottega Veneta Wool Twill Blazer,shopify_product_15538391843156
Bottega Veneta,Bottega Veneta Wool Twill Blazer,shopify_product_15532277858644
Bottega Veneta,Bottega Veneta Wool Twill Blazer,shopify_product_15545176260948
Bottega Veneta,Bottega Veneta Wool Twill Blazer,shopify_product_15546290078036
Bottega Veneta,Bottega Veneta Wool Twill Blazer,shopify_product_15546790740308
Bottega Veneta,Bottega Veneta Wool Twill Blazer,shopify_product_15547437449556
Bottega Veneta,Bottega Veneta Wool Twill Blazer,shopify_product_15552354582868
Bottega Veneta,Bottega Veneta Wool Twill Blazer,shopify_product_15553571619156
Bottega Veneta,Bottega Veneta Wool Twill Blazer,shopify_product_15547803107668
Bottega Veneta,Bottega Veneta Wool Twill Blazer,shopify_product_15551993610580
Bottega Veneta,Bottega Veneta oversized cotton jersey T-shirt,shopify_product_15546130694484
Boutique Moschino,Boutique Moschino Umbrella,shopify_product_12480801276244
Philipp Plein,Boxer Bipack,shopify_product_15482927710548
Philipp Plein,Boxer Bipack,shopify_product_15482930954580
Giorgio Armani,Bronze silk tie by Giorgio Armani,shopify_product_15546123419988
Gran Sasso,Brown Gran Sasso Silk Blend Crewneck Sweater,shopify_product_15546213335380
Gran Sasso,Brown Gran Sasso Wool Turtleneck Sweater,shopify_product_15546192232788
Dolce & Gabbana,Brown Velvet Calfskin Jacket,shopify_product_15414440657236
Brunello Cucinelli,Brunello Cucinelli  Blazer Jacket,shopify_product_15028305199444
Brunello Cucinelli,Brunello Cucinelli Blend Cotton Parka,shopify_product_15028305363284
Brunello Cucinelli,Brunello Cucinelli Cashmere Jogging Pants,shopify_product_15028305494356
Brunello Cucinelli,Brunello Cucinelli Cashmere Sweater,shopify_product_15028305625428
Brunello Cucinelli,Brunello Cucinelli Cashmere Sweater,shopify_product_15028305756500
Brunello Cucinelli,Brunello Cucinelli Cashmere Sweater,shopify_product_15028305920340
Brunello Cucinelli,Brunello Cucinelli Cashmere Sweater,shopify_product_15028306084180
Brunello Cucinelli,Brunello Cucinelli Cashmere Sweater,shopify_product_15018005725524
Brunello Cucinelli,Brunello Cucinelli Double-Breasted Wool Jacket,shopify_product_15028306215252
Brunello Cucinelli,Brunello Cucinelli Dreamer Jersey T-shirt,shopify_product_15028306346324
Brunello Cucinelli,Brunello Cucinelli High Neck Sweater,shopify_product_15028293108052
Brunello Cucinelli,Brunello Cucinelli Leather Sandals,shopify_product_15355814707540
Brunello Cucinelli,Brunello Cucinelli Linen And Wool Jacket,shopify_product_15028293304660
Brunello Cucinelli,Brunello Cucinelli Mohair Wool Pullover,shopify_product_15028306510164
Brunello Cucinelli,Brunello Cucinelli Slingback Flats,shopify_product_15028306674004
Brunello Cucinelli,Brunello Cucinelli Suede Tortora Slip On,shopify_product_15546160316756
Brunello Cucinelli,Brunello Cucinelli Sweater,shopify_product_15028306837844
Brunello Cucinelli,Brunello Cucinelli T-Neck Knit,shopify_product_15028307001684
Brunello Cucinelli,Brunello Cucinelli Tartan Wool Jacket,shopify_product_15028307198292
Brunello Cucinelli,Brunello Cucinelli Turtleneck Sweater,shopify_product_15028307362132
Brunello Cucinelli,Brunello Cucinelli Virgin Wool Jacket,shopify_product_15028307525972
Brunello Cucinelli,Brunello Cucinelli Virgin Wool Jacket,shopify_product_15018006380884
Brunello Cucinelli,Brunello Cucinelli Wool Blazer,shopify_product_15028307657044
Brunello Cucinelli,Brunello Cucinelli Wool Blazer,shopify_product_15018006479188
Brunello Cucinelli,Brunello Cucinelli Wool Jacket,shopify_product_15028307788116
Brunello Cucinelli,Brunello Cucinelli Wool Jacket,shopify_product_15028307984724
Brunello Cucinelli,Brunello Cucinelli Wool Jacket,shopify_product_15028308148564
Brunello Cucinelli,Brunello Cucinelli Wool Jacket,shopify_product_15028308279636
Brunello Cucinelli,Brunello Cucinelli Wool Jacket,shopify_product_15028308443476
Brunello Cucinelli,Brunello Cucinelli Wool Jacket,shopify_product_15028308607316
Brunello Cucinelli,Brunello Cucinelli Wool Striped Skirt,shopify_product_15018006774100
Brunello Cucinelli,Brunello Cucinelli Wool Suit,shopify_product_15028308934996
Brunello Cucinelli,Brunello Cucinelli Wool Trench Coat,shopify_product_15028309131604
Brunello Cucinelli,"Brunello Cucinelli cashmere and silk crew-neck sweater, blue",shopify_product_12481060798804
Brunello Cucinelli,"Brunello Cucinelli cashmere and silk crew-neck sweater, grey",shopify_product_12481060438356
J.W. Anderson,Bumper 17 Shoulder Bag,shopify_product_15028295762260
Burberry,Burberry Ansdell Hooded Logo Sweatshirt,shopify_product_15028293697876
Burberry,Burberry Aurore Love Hooded Sweatshirt,shopify_product_15357458252116
Burberry,Burberry Bag Brown,shopify_product_12480856097108
Burberry,Burberry Beige Paddy Check Messenger bag,shopify_product_12480853868884
Burberry,Burberry Blend Silk Trench Coat,shopify_product_15028309262676
Burberry,Burberry Blend Wool Trench Coat,shopify_product_15028309426516
Burberry,Burberry Cashmere Beanie Hat,shopify_product_15028293370196
Burberry,Burberry Checked Wide Leg Canvas Pants,shopify_product_15028309557588
Burberry,Burberry Claddon Monster Sweatshirt,shopify_product_15357458317652
Burberry,Burberry Cotton Checked Shirt,shopify_product_15355815919956
Burberry,Burberry Cotton Logo T-shirt,shopify_product_15028289831252
Burberry,Burberry Cotton Shirt,shopify_product_15355815854420
Burberry,Burberry Cotton Shirt,shopify_product_15430808666452
Burberry,Burberry Dimitri Trousers,shopify_product_15357457170772
Burberry,Burberry Faux Fur Coat,shopify_product_15028309721428
Burberry,Burberry Leather Bag,shopify_product_12480857112916
Burberry,Burberry Leather Bag Navy,shopify_product_12480857506132
Burberry,Burberry Leather Card Holder Black,shopify_product_12480830865748
Burberry,Burberry Leather Crossbody Bag Brown,shopify_product_12480853573972
Burberry,Burberry Leather Wallet Black,shopify_product_15446713368916
Burberry,Burberry Parka Jacket,shopify_product_15028309918036
Burberry,Burberry Parka Jacket,shopify_product_15018007200084
Burberry,Burberry Quilted Pleated Pants,shopify_product_15357457072468
Burberry,Burberry Sadler Leather Ballerina Flats,shopify_product_15028310016340
Burberry,Burberry Sand Check Shirt,shopify_product_15355815952724
Burberry,Burberry Subirton Sweatshirt,shopify_product_15357458383188
Burberry,Burberry Two-Piece Jacket,shopify_product_15028310212948
Burberry,Burberry Wallet Brown,shopify_product_15035407499604
Burberry,Burberry Wallet Sand,shopify_product_15035405893972
Burberry,Burberry Weaverton Vest Jacket,shopify_product_15054927823188
CP Company,C.P. Company Linen Blend Shirt with Pockets,shopify_product_15545808159060
CP Company,C.P. Company Swimwear Blue,shopify_product_15545782108500
CP Company,C.P. Company Wool Sweater Red,shopify_product_15414483910996
Canali,Canali Swimwear Beige,shopify_product_15394807021908
Canali,Canali shirt light blue short sleeve,shopify_product_15546113687892
Don The Fuller,Cannes,shopify_product_12480767033684
MC2 Saint Barth,Caprese Bandanna Round 9400,shopify_product_15414447735124
The Attico,Cardigan Black,shopify_product_12550513099092
Dolce & Gabbana,Cardigan Henley,shopify_product_15414432104788
Patrizia Pepe,Cardigan Lungo Knitwear Blu,shopify_product_12507026063700
Malone Souliers,Cardigan Zip Antracite,shopify_product_12481290699092
Cartier,"Cartier Zaino Losange backpack, black",shopify_product_12480816709972
Casablanca,Casa Beach Wave Printed,shopify_product_15414497575252
Casablanca,Casablanca Cotton Sweatshirt Black,shopify_product_12480905445716
Casablanca,Casablanca Cotton Sweatshirt Black,shopify_product_12480902431060
Casablanca,Casablanca Cotton Sweatshirt Blue,shopify_product_12480905773396
Casablanca,Casablanca Cotton Sweatshirt Navy,shopify_product_12480902037844
Casablanca,"Casablanca Maison de Reve tennis club print t-shirt, white",shopify_product_12480969408852
Casablanca,Casablanca Man White T-Shirt Casa Way Mountain,shopify_product_15526768836948
Casablanca,"Casablanca crew-neck t-shirt tennis club, blue",shopify_product_12481208615252
Casablanca,"Casablanca joy aux d'afrique tennis club, white",shopify_product_12480901677396
Casablanca,"Casablanca t-shirt tennis club, blue",shopify_product_12481208287572
Casablanca,"Casablanca t-shirt tennis club, pink",shopify_product_12481208877396
Casablanca,"Casablanca white cotton crew neck t-shirt, white",shopify_product_12480966721876
Casadei,Casadei Off-Road Leather Sneaker,shopify_product_15545792528724
Loro Piana,Cashmere Shirt,shopify_product_12550584500564
Loro Piana,Cashmere Shirt,shopify_product_12550584664404
Celine,Celine Beach Pillow,shopify_product_15355086012756
Celine,Celine Cashmere Sweater,shopify_product_15357456187732
Celine,Celine Chelsea Sequin Detailed Jacket,shopify_product_15054927855956
Celine,Celine Elliot Sneakers,shopify_product_15028310409556
Celine,Celine Hooded Printed Dogs Sweatshirt,shopify_product_15357458973012
Celine,Celine Leather Hair Cuff,shopify_product_15028318175572
Celine,Celine Leather Hair Cuff,shopify_product_15416099864916
Celine,Celine Low Rise Skinny Fit Jeans,shopify_product_15028310573396
Celine,Celine Printed Cotton T-Shirt,shopify_product_15357460480340
Celine,Celine Printed Cotton T-Shirt,shopify_product_15436365201748
Celine,Celine Striped Crochet Mini Skirt,shopify_product_15358888477012
Celine,Celine Taillat Triomphe Suede Espadrilles,shopify_product_15028310737236
Celine,Celine Triomphe Wool Sweater,shopify_product_15355086209364
Celine,Celine Velvet Loafers With Embroidered Triomphe Logo,shopify_product_15028310901076
Celine,Celine Western Chelsea Isaac Harness Boots,shopify_product_15028311032148
Celine,Celine Wiltern Boots,shopify_product_15028311195988
Celine,Celine Wool Classic Pants,shopify_product_15357458350420
Celine,"Celine calfskin quilted shoulder bag, beige",shopify_product_12479026823508
Celine,"Celine calfskin quilted shoulder bag, white",shopify_product_12480819790164
Celine,"Celine slouchy buckle boot 90, black",shopify_product_12480921600340
Dsquared2,Ceresio Jacket,shopify_product_12481305575764
Casablanca,Championship Diamond Printed,shopify_product_15414428172628
Jacquemus,Chiquito Moyen,shopify_product_12480962462036
Chlo&eacute;,Chloe Medium Woody Tote Bag,shopify_product_15028305068372
Chlo&eacute;,Chloe Medium Woody Tote Bag,shopify_product_15018008379732
Chlo&eacute;,Chloe Woody Medium Tote Bag,shopify_product_15028316930388
Chlo&eacute;,Chloe' Faux Fur Jacket,shopify_product_15054927888724
Chlo&eacute;,Chloe' Woody Small Tote Bag,shopify_product_15018010771796
Chlo&eacute;,Chloe' Woody Small Tote Bag,shopify_product_15046792315220
Chlo&eacute;,Chloe' Wool Pants,shopify_product_15359611928916
Chlo&eacute;,Chlo&egrave; Logo Woody Flat Sandals,shopify_product_15028305527124
Chlo&eacute;,Chlo&egrave; Mary-Jane Polly Ballerina Flats,shopify_product_15062270148948
Chlo&eacute;,Chlo&egrave; Python Marcie Ballerina Flat,shopify_product_15062270181716
Chlo&eacute;,Chlo&eacute; Bootcut Jeans,shopify_product_15357460218196
Chlo&eacute;,Chlo&eacute; Cashmere Turtleneck Sweater,shopify_product_15357455368532
Chlo&eacute;,Chlo&eacute; Eve Over-The-Knee Boots,shopify_product_15028311556436
Chlo&eacute;,Chlo&eacute; Micro Marcie Bucket Bag,shopify_product_12546569961812
Chlo&eacute;,Chlo&eacute; Owena Leather Boots,shopify_product_15028311851348
Chlo&eacute;,Chlo&eacute; Woody Felt Medium Tote Bag,shopify_product_15028306641236
Chlo&eacute;,Chlo&eacute; Woody Medium Tote Bag,shopify_product_15028305461588
Chlo&eacute;,Chlo&eacute; Woody Medium Tote Bag,shopify_product_15028305658196
Chlo&eacute;,Chlo&eacute; Woody Medium Tote Bag,shopify_product_15028305822036
Chlo&eacute;,Chlo&eacute; Woody Medium Tote Bag,shopify_product_15028306018644
Chlo&eacute;,Chlo&eacute; Woody Medium Tote Bag,shopify_product_15028306248020
Chlo&eacute;,Chlo&eacute; Woody Medium Tote Bag,shopify_product_15028306444628
Chlo&eacute;,Chlo&eacute; Woody Medium Tote Bag,shopify_product_15018008740180
Chlo&eacute;,Chlo&eacute; Woody Shearling Tote Bag,shopify_product_15028307263828
Chlo&eacute;,Chlo&eacute; Woody Shearling Tote Bag,shopify_product_15020697059668
Chlo&eacute;,Chlo&eacute; Wool Sweater,shopify_product_15357455401300
Dior,Christian Dior Couture Leather Jacket,shopify_product_15054927954260
Christian Louboutin,Christian Louboutin Leather Pumps,shopify_product_15028311982420
Church's,Church's Classic Lace-Up Leather Derbies,shopify_product_15028312179028
Church's,Church's Pembrey Leather Loafers,shopify_product_15028303790420
Maison Margiela,Clutch Margiela,shopify_product_12481120665940
Emporio Armani,Clutch Plain Velvet,shopify_product_12481015906644
Elisabetta Franchi,Coat Blu Double-Breasted,shopify_product_15414498853204
Loro Piana,Coat Capolavoro Beige,shopify_product_12480974684500
Loro Piana,Coat Capolavoro Black,shopify_product_12480975143252
Loro Piana,Coat Capolavoro Black,shopify_product_12481300365652
Loro Piana,Coat Capolavoro Blu,shopify_product_12481300726100
Loro Piana,Coat Capolavoro Brown,shopify_product_12480976486740
Loro Piana,Coat Capolavoro Camel,shopify_product_12480975634772
Loro Piana,Coat Capolavoro Grey Melange,shopify_product_12481392279892
Loro Piana,Coat Capolavoro White,shopify_product_12481298235732
Loro Piana,Coat Cashmere Double-Breasted,shopify_product_12481390543188
HERNO,Coat Herno,shopify_product_12481129742676
Malone Souliers,Collo Alto Cashmere Aqua,shopify_product_12481281655124
Malone Souliers,Collo Alto Cashmere Brick,shopify_product_12481279852884
Comme des Gar&ccedil;ons,Comme Des Gar&ccedil;ons Checked Sleeve Shirt,shopify_product_15028304085332
Comme des Gar&ccedil;ons,Comme des Gar&ccedil;ons Cotton Shirt,shopify_product_15028303954260
Comme des Gar&ccedil;ons,Comme des Gar&ccedil;ons Leather Wallet,shopify_product_15028293599572
Comme des Gar&ccedil;ons,Comme des Gar&ccedil;ons Logo Wallet,shopify_product_15028293763412
Comme des Gar&ccedil;ons,Comme des Gar&ccedil;ons Slim Trousers,shopify_product_15357457367380
Comme des Gar&ccedil;ons,Comme des Gar&ccedil;ons Slim Trousers,shopify_product_15427259629908
Ermenegildo Zegna,Completo lana blu gessato,shopify_product_15489040810324
Ermenegildo Zegna,Completo lana blu navy,shopify_product_15486035460436
Ermenegildo Zegna,Completo lana blu royal,shopify_product_15486035820884
Ermenegildo Zegna,Completo lana blu scuro,shopify_product_15489038156116
Ermenegildo Zegna,Completo lana blu scuro,shopify_product_15489041334612
Dsquared2,Cool Guy Icon Jean,shopify_product_12507027112276
Dsquared2,Cool Guy Jean,shopify_product_12480788169044
Dsquared2,Cool Guy Jean,shopify_product_12481136034132
Dsquared2,Cool Guy Jean,shopify_product_12481137901908
Dsquared2,Cool Guy Jean,shopify_product_12480788365652
Dsquared2,Cool Guy Jeans,shopify_product_12481123221844
Coperni,Coperni Jeans Blue,shopify_product_15546291487060
Corneliani,Corneliani Polo Shirts Blue,shopify_product_15546112180564
Corneliani,Corneliani Polo Shirts Grey,shopify_product_15546107560276
Corneliani,Corneliani Shirts White/Light Grey,shopify_product_15546104250708
Corneliani,Corneliani T-Shirts Yellow,shopify_product_15546100613460
Dolce & Gabbana,Cotton Cargo Pants,shopify_product_15423856574804
ELLI,Crewneck Antracite,shopify_product_12480993362260
Malone Souliers,Crewneck Cashmere Antracite,shopify_product_12481289355604
Malone Souliers,Crewneck Cashmere Brick,shopify_product_12481282146644
Malone Souliers,Crewneck Cashmere Brick,shopify_product_12481282834772
Malone Souliers,Crewneck Cashmere Malva,shopify_product_12481283129684
Malone Souliers,Crewneck Cashmere Moro,shopify_product_12481290371412
Malone Souliers,Crewneck Cashmere Navy,shopify_product_12481289650516
Malone Souliers,Crewneck Cashmere Rubino,shopify_product_12481282474324
Malone Souliers,Crewneck Cashmere Sand,shopify_product_15471447802196
Malone Souliers,Crewneck Cashmere Zaffiro,shopify_product_12481290043732
ELLI,Crewneck Jeans,shopify_product_12480991101268
ELLI,Crewneck Malachite,shopify_product_12480993100116
ELLI,Crewneck Riviera,shopify_product_12480992805204
ELLI,Crewneck Tortora,shopify_product_12480993689940
ELLI,Crewneck Zaffiro,shopify_product_12480991297876
Lardini,Cross Neckline Jumpsuit Dress,shopify_product_15545751568724
Gran Sasso,Cyclamen mock neck sweater with half zip Gran Sasso,shopify_product_15545868288340
Celine,C&eacute;line Camden Wool Tweed Coat,shopify_product_15048336998740
Celine,C&eacute;line Wool Blazer Jacket,shopify_product_15028311392596
Celine,C&eacute;line cargo pants,shopify_product_15357458415956
Diesel,D-finitive Jeans,shopify_product_12481301938516
Diesel,D-luster Jeans,shopify_product_12481304756564
Dolce & Gabbana,DG Bomber Jacket Black Satin,shopify_product_15414439477588
Diesel,Diesel Cotton Jeans Blue,shopify_product_12481449787732
Diesel,Diesel Cotton Jeans Blue,shopify_product_12481302659412
Diesel,Diesel Cotton Top Blue,shopify_product_12480935493972
Diesel,Diesel Cotton Top Blue,shopify_product_12480932741460
Diesel,Diesel Cotton Top Blue,shopify_product_12480931201364
Diesel,Diesel Cotton Top White,shopify_product_12480932053332
Diesel,Diesel Jeans Gray,shopify_product_12481445527892
Diesel,Diesel Man Blue 1979 sleenker Denim Jeans,shopify_product_15542507176276
Diesel,Diesel Trunk 2 Pack,shopify_product_12481064501588
Diesel,Diesel Trunk 2 Pack,shopify_product_12481063387476
Diesel,Diesel Trunk 2 Pack,shopify_product_12481481343316
Dior,Dior B101 Leather Sneakers,shopify_product_15057034740052
Dior,Dior Bermuda Shorts,shopify_product_15028304445780
Dior,Dior Black Leather Lace-Up Oxford Loafer,shopify_product_15546294731092
Dior,Dior Cotton Striped Shirt,shopify_product_15357456220500
Dior,Dior Embassy Derby Shoes,shopify_product_15028304609620
Dior,Dior Izon Hiking Sneakers,shopify_product_15355086242132
Dior,Dior Leather Boots Black,shopify_product_12480926220628
Dior,Dior Leather Derbies,shopify_product_15028304773460
Dior,Dior Leather Loafers,shopify_product_15028304937300
Dior,Dior Leather Loafers,shopify_product_15028305101140
Dior,Dior Miss Dior Belt,shopify_product_15037008904532
Dior,Dior Oblique High-Top Sneakers,shopify_product_15028305428820
Dior,Dior Sunset Sandals,shopify_product_15028305592660
Dior,Dior Wide-Leg Denim Jeans,shopify_product_15028313817428
Dior,Dior Windbreaker Jacket,shopify_product_15355814904148
Dior,Dior Wool And Silk Pants,shopify_product_15357457301844
Dior,Dior Wool Blazer Jacket,shopify_product_15054927987028
Dior,Dior x Kenny Scharf Embroidered Logo Hooded Jacket,shopify_product_15054928019796
Dior,Dior x Kenny Scharf Shirt Jacket,shopify_product_15054928085332
Dolce & Gabbana,Dolce & Gabbana Achille Leather Derbies,shopify_product_15355814740308
Dolce & Gabbana,Dolce & Gabbana Beige Hazelnut Silk Shortsleeve Shirt T-shirt,shopify_product_12543913460052
Dolce & Gabbana,Dolce & Gabbana Belts Dark Blue,shopify_product_15546374357332
Dolce & Gabbana,Dolce & Gabbana Black/White Polka Dot Silk Shirt,shopify_product_15546379764052
Dolce & Gabbana,Dolce & Gabbana Bordeaux Silk Clutch,shopify_product_15546225525076
Dolce & Gabbana,Dolce & Gabbana Bow Ties Black,shopify_product_15545898664276
Dolce & Gabbana,Dolce & Gabbana Bow Ties Black,shopify_product_15545901646164
Dolce & Gabbana,Dolce & Gabbana Bow Ties Black,shopify_product_15545902563668
Dolce & Gabbana,Dolce & Gabbana Bow Ties Blue,shopify_product_15546388316500
Dolce & Gabbana,Dolce & Gabbana Bow Ties Burgundy,shopify_product_15545900958036
Dolce & Gabbana,Dolce & Gabbana Bow Ties Burgundy,shopify_product_15546389758292
Dolce & Gabbana,Dolce & Gabbana Bow Ties Dark Blue,shopify_product_15394808136020
Dolce & Gabbana,Dolce & Gabbana Bow Ties Dark Red,shopify_product_15394807939412
Dolce & Gabbana,Dolce & Gabbana Bow Ties Green,shopify_product_15394808529236
Dolce & Gabbana,Dolce & Gabbana Bow Ties Grey,shopify_product_15546390577492
Dolce & Gabbana,Dolce & Gabbana Bow Ties Grey,shopify_product_15394808332628
Dolce & Gabbana,Dolce & Gabbana Bow Ties Light Blue,shopify_product_15394808267092
Dolce & Gabbana,Dolce & Gabbana Bow Ties Silver,shopify_product_15545903612244
Dolce & Gabbana,Dolce & Gabbana Bow Ties White,shopify_product_15545899876692
Dolce & Gabbana,Dolce & Gabbana Briefs Pearl Grey,shopify_product_15394833662292
Dolce & Gabbana,Dolce & Gabbana Brown Patent Leather High Boot,shopify_product_15546373013844
Dolce & Gabbana,Dolce & Gabbana Cherry Print Black Tulle Sleeveless Top,shopify_product_15546386186580
Dolce & Gabbana,Dolce & Gabbana Classic Trousers,shopify_product_15357457465684
Dolce & Gabbana,Dolce & Gabbana Cotton Denim Jeans,shopify_product_15028305953108
Dolce & Gabbana,Dolce & Gabbana Cropped Bomber Jacket,shopify_product_15054928118100
Dolce & Gabbana,Dolce & Gabbana DG Shirt,shopify_product_15357456351572
Dolce & Gabbana,Dolce & Gabbana Denim Jeans,shopify_product_15357460316500
Dolce & Gabbana,Dolce & Gabbana Dress Grey,shopify_product_15414450225492
Dolce & Gabbana,Dolce & Gabbana D&Atilde;&copy;lav&Atilde;&copy; Brown Denim Shirt,shopify_product_15546258456916
Dolce & Gabbana,Dolce & Gabbana Embroidered Denim Pants,shopify_product_15028306116948
Dolce & Gabbana,Dolce & Gabbana Family Patch Backpack,shopify_product_15028295893332
Dolce & Gabbana,Dolce & Gabbana Fishnet Sandals,shopify_product_15028306280788
Dolce & Gabbana,Dolce & Gabbana Geometric Print Pocket Square,shopify_product_15545896206676
Dolce & Gabbana,Dolce & Gabbana Gold Brocade Motif Slide,shopify_product_15546368000340
Dolce & Gabbana,Dolce & Gabbana Jacket,shopify_product_15423873057108
Dolce & Gabbana,Dolce & Gabbana Jackie Slingback Pumps,shopify_product_15028306477396
Dolce & Gabbana,Dolce & Gabbana James Dean T-Shirt,shopify_product_15028306608468
Dolce & Gabbana,Dolce & Gabbana Jaquard Loafers,shopify_product_15028306772308
Dolce & Gabbana,Dolce & Gabbana Knitwear Blue,shopify_product_15546387464532
Dolce & Gabbana,Dolce & Gabbana Lace Dress Pink,shopify_product_15414447866196
Dolce & Gabbana,Dolce & Gabbana Lace Top,shopify_product_15058869125460
Dolce & Gabbana,Dolce & Gabbana Leather Boots,shopify_product_15028307132756
Dolce & Gabbana,Dolce & Gabbana Leather Knee Boots,shopify_product_15028323090772
Dolce & Gabbana,Dolce & Gabbana Leather Logo Belt,shopify_product_15028293861716
Dolce & Gabbana,Dolce & Gabbana Leather Logo Belt,shopify_product_15028294025556
Dolce & Gabbana,Dolce & Gabbana Leather Slingback Pumps,shopify_product_15028322861396
Dolce & Gabbana,Dolce & Gabbana Logo Sweatpants,shopify_product_15028307329364
Dolce & Gabbana,Dolce & Gabbana Logo Sweatshirt,shopify_product_15357458448724
Dolce & Gabbana,Dolce & Gabbana Maxi Pleated Dress,shopify_product_15357460840788
Dolce & Gabbana,Dolce & Gabbana Mirror Ski Mask Sunglasses,shopify_product_15028294222164
Dolce & Gabbana,Dolce & Gabbana Nappa Short Gloves,shopify_product_15545885688148
Dolce & Gabbana,Dolce & Gabbana Nylon Pants,shopify_product_15028307493204
Dolce & Gabbana,Dolce & Gabbana Nylon Swim Shorts Grey,shopify_product_15414453535060
Dolce & Gabbana,Dolce & Gabbana Orange One-Piece Swimsuit,shopify_product_15394835136852
Dolce & Gabbana,Dolce & Gabbana Pocket Squares Black,shopify_product_15545897419092
Dolce & Gabbana,Dolce & Gabbana Pocket Squares Black,shopify_product_15394807120212
Dolce & Gabbana,Dolce & Gabbana Pocket Squares Blue,shopify_product_15394832908628
Dolce & Gabbana,Dolce & Gabbana Pocket Squares Dark Blue,shopify_product_15394806989140
Dolce & Gabbana,Dolce & Gabbana Pocket Squares Light Blue,shopify_product_15394807251284
Dolce & Gabbana,Dolce & Gabbana Pocket Squares Petrol Green,shopify_product_15394832810324
Dolce & Gabbana,Dolce & Gabbana Pocket Squares Purple,shopify_product_15545895321940
Dolce & Gabbana,Dolce & Gabbana Powder Patent Pumps,shopify_product_15546371637588
Dolce & Gabbana,Dolce & Gabbana Purple Silk Bow Tie,shopify_product_15545871761748
Dolce & Gabbana,Dolce & Gabbana Reversible Artastic Bomber,shopify_product_15054928150868
Dolce & Gabbana,Dolce & Gabbana Satin Shorts,shopify_product_15028307722580
Dolce & Gabbana,Dolce & Gabbana Shirt,shopify_product_15052067668308
Dolce & Gabbana,Dolce & Gabbana Shirt,shopify_product_15430820004180
Dolce & Gabbana,Dolce & Gabbana Shirt Camouflage,shopify_product_15414449111380
Dolce & Gabbana,Dolce & Gabbana Shirts White,shopify_product_15545904529748
Dolce & Gabbana,Dolce & Gabbana Side Stripe Pleat Trousers,shopify_product_15357457531220
Dolce & Gabbana,Dolce & Gabbana Silk Leopard Ruched Dress,shopify_product_15028305789268
Dolce & Gabbana,Dolce & Gabbana Silk Maiolica Dress,shopify_product_15028307886420
Dolce & Gabbana,Dolce & Gabbana Silk Polo Shirt Black,shopify_product_15414432268628
Dolce & Gabbana,Dolce & Gabbana Sneakers Burgundy,shopify_product_15575741792596
Dolce & Gabbana,Dolce & Gabbana Sneakers Multicolor,shopify_product_15545877791060
Dolce & Gabbana,Dolce & Gabbana T-Shirts Black,shopify_product_15575738909012
Dolce & Gabbana,Dolce & Gabbana Tuxedo Velvet Jacket,shopify_product_15054928183636
Dolce & Gabbana,Dolce & Gabbana White Bermuda Shorts,shopify_product_15546223558996
Dolce & Gabbana,Dolce & Gabbana x Kim Transparent Top,shopify_product_15060991869268
Dolce & Gabbana,Dolce&Gabbana Jersey Stretch Maxi Skirt,shopify_product_15028308050260
Dolce & Gabbana,Dolce&Gabbana x Kim Stretchy Top,shopify_product_15060991902036
Don The Fuller,Don the Fuller Jeans Blue,shopify_product_12480766411092
Don The Fuller,Don the Fuller Jeans Dark Blue,shopify_product_12480748618068
Dondup,Dondup Virgin Wool Shorts,shopify_product_15028308214100
Dondup,Dondup Virgin Wool Shorts,shopify_product_15018011328852
Dondup,Dondup Virgin Wool Shorts,shopify_product_15430919946580
Lardini,Double-breasted Jacket With Ruffles,shopify_product_15545727549780
HERNO,Down Jacket Blu,shopify_product_15020651086164
Dolce & Gabbana,Down Jacket Blu,shopify_product_15471441838420
HERNO,Down Jacket Cashmere Beige,shopify_product_12481214546260
ADD,Down Jacket Corto Mimetico,shopify_product_12481279230292
HERNO,Down Jacket Herno Beige,shopify_product_12481216414036
HERNO,Down Jacket Herno Green,shopify_product_15020650758484
Patrizia Pepe,Down Jacket Lungo,shopify_product_12507026719060
ADD,Down Jacket Ruggine,shopify_product_12481383596372
ADD,Down Jacket Trapuntato,shopify_product_12480827359572
ADD,Down Jacket Trapuntato,shopify_product_12480827523412
HERNO,Down Jacket Vest Brown,shopify_product_12481204224340
HERNO,Down Jacket White,shopify_product_15022452506964
Patrizia Pepe,Dress Abstract Camu Print,shopify_product_12550518669652
The Attico,Dress Asimmetrico,shopify_product_12550513656148
The Attico,Dress Asimmetrico,shopify_product_12550514245972
PINKO,Dress Beowulf Pinko,shopify_product_15029976596820
Valentino Garavani,Dress Black,shopify_product_12550623756628
Valentino Garavani,Dress Black,shopify_product_12550623527252
PINKO,Dress Black Kill Bill,shopify_product_15029976465748
Patrizia Pepe,Dress Blackiris Flower,shopify_product_12507026653524
Patrizia Pepe,Dress Blu Ray,shopify_product_12481000407380
Elisabetta Franchi,Dress Blu with Taglio Vivo,shopify_product_15414498754900
Dolce & Gabbana,Dress Caftano,shopify_product_15414453141844
Patrizia Pepe,Dress Cardigan Scollo V,shopify_product_12502807413076
The Attico,Dress Color Latte,shopify_product_12550470107476
The Attico,Dress Corto,shopify_product_12550507987284
Dolce & Gabbana,Dress Corto Bicolore,shopify_product_15414459924820
Dolce & Gabbana,Dress Corto Black,shopify_product_15414463955284
Dolce & Gabbana,Dress Corto Floreale,shopify_product_15414453469524
Dolce & Gabbana,Dress Corto Floreale,shopify_product_15414455402836
Patrizia Pepe,Dress Corto Lilac,shopify_product_12550522634580
Dolce & Gabbana,Dress Corto Lucido,shopify_product_15414455763284
Balmain,Dress Corto Pink,shopify_product_15482579091796
Elisabetta Franchi,Dress Corto Plissettato,shopify_product_15482601865556
Elisabetta Franchi,Dress Corto with Bustino,shopify_product_15414498689364
Elisabetta Franchi,Dress Corto with Ruches,shopify_product_15414499475796
Balmain,Dress Denim Multicolor,shopify_product_15482582073684
Dolce & Gabbana,Dress Doppiato,shopify_product_15414450487636
Dolce & Gabbana,Dress Doppiato Black,shopify_product_15414460186964
Balmain,Dress Double-Breasted,shopify_product_15482574897492
Dolce & Gabbana,Dress Drapeggiato Floreale,shopify_product_15414454223188
Patrizia Pepe,Dress Drappeggio,shopify_product_12507026817364
Patrizia Pepe,Dress Eldorado White,shopify_product_12550551601492
The Attico,Dress Elton Multicolor,shopify_product_12550522798420
Patrizia Pepe,Dress Fantasia Multicolor,shopify_product_12550578700628
Dolce & Gabbana,Dress Floral Print,shopify_product_15414452355412
Dolce & Gabbana,Dress Floral Print,shopify_product_15414460416340
Patrizia Pepe,Dress Floreale,shopify_product_12507026784596
Patrizia Pepe,Dress Futuristic Purple,shopify_product_15414463529300
Patrizia Pepe,Dress Gessato Grey,shopify_product_12550530335060
Patrizia Pepe,Dress Gold Sequins,shopify_product_12550563299668
Elisabetta Franchi,Dress Green Pliss&egrave;,shopify_product_15482603635028
PINKO,Dress Hazzard Pinko,shopify_product_15414498459988
Dolce & Gabbana,Dress Intero,shopify_product_15414438953300
Patrizia Pepe,Dress Linen,shopify_product_12550544523604
The Attico,Dress Lungo,shopify_product_12550527222100
The Attico,Dress Lungo,shopify_product_12550526828884
The Attico,Dress Lungo,shopify_product_12550526894420
The Attico,Dress Lungo,shopify_product_12550526959956
The Attico,Dress Lungo,shopify_product_12550525354324
The Attico,Dress Lungo Black,shopify_product_12550524666196
Dolce & Gabbana,Dress Lungo Black,shopify_product_15414464643412
The Attico,Dress Lungo Purple,shopify_product_12550526566740
The Attico,Dress Lungo Smanicato,shopify_product_12550525616468
Dolce & Gabbana,Dress Lungo in Viscosa,shopify_product_15414456058196
Dolce & Gabbana,Dress Lungo with Arricciatura,shopify_product_15414449504596
Patrizia Pepe,Dress Martian Red Flower,shopify_product_12502808133972
Dolce & Gabbana,Dress Midi Floreale,shopify_product_15414449373524
Dolce & Gabbana,Dress Midi Floreale,shopify_product_15414450028884
Patrizia Pepe,Dress Mineral Grey,shopify_product_12550527091028
Patrizia Pepe,Dress Multicolor,shopify_product_12550563922260
The Attico,Dress Orange Sequins,shopify_product_12550524830036
Balmain,Dress Parlato Fuchsia,shopify_product_15482575028564
Elisabetta Franchi,Dress Pink with Floral Print,shopify_product_15482600620372
Elisabetta Franchi,Dress Pink with Pliss&egrave;,shopify_product_15482599670100
Patrizia Pepe,Dress Planet Green,shopify_product_12550535905620
Dolce & Gabbana,Dress Polka Dot,shopify_product_15414455468372
Elisabetta Franchi,Dress Polka Dot,shopify_product_15482598523220
Elisabetta Franchi,Dress Purple a Long Sleeve,shopify_product_15482602324308
Valentino Garavani,Dress Red,shopify_product_12550623658324
Balmain,Dress Robe Courte,shopify_product_15482575651156
Patrizia Pepe,Dress Sensorial Flowers,shopify_product_15414479847764
Elisabetta Franchi,Dress Sequins Brown,shopify_product_15482598621524
Patrizia Pepe,Dress Sequins Degrade Burgundy,shopify_product_12502807576916
Patrizia Pepe,Dress Sequins Fuchsia,shopify_product_12550566969684
Elisabetta Franchi,Dress Sequins Fuchsia,shopify_product_15482603340116
Elisabetta Franchi,Dress Sequins Pink,shopify_product_15482603241812
Dolce & Gabbana,Dress Smanicato,shopify_product_15414450684244
Dolce & Gabbana,Dress Smanicato Floreale,shopify_product_15414459629908
Patrizia Pepe,Dress Smanicato Fuchsia,shopify_product_12550569558356
Dolce & Gabbana,Dress Tubino,shopify_product_15414455894356
Dolce & Gabbana,Dress Tubino Drapeggiato,shopify_product_15414454485332
Dolce & Gabbana,Dress Tubino Floreale,shopify_product_15414454714708
Dolce & Gabbana,Dress Tubino Lungo,shopify_product_15414440722772
Patrizia Pepe,Dress Utopia Grey,shopify_product_12550530466132
Patrizia Pepe,Dress Utopia Grey,shopify_product_12550531907924
Balmain,Dress Viscosa Black,shopify_product_15482579026260
The Attico,Dress White,shopify_product_12550511984980
Valentino Garavani,Dress White,shopify_product_12550623986004
Elisabetta Franchi,Dress a Collo Alto,shopify_product_15482598228308
Balmain,Dress a Costine,shopify_product_15482574078292
Balmain,Dress a Costine,shopify_product_15482574340436
Dolce & Gabbana,Dress a Long Sleeve,shopify_product_15414454649172
Dolce & Gabbana,Dress a Short Sleeve,shopify_product_15414451831124
Dolce & Gabbana,Dress a Tre Pezzi,shopify_product_15414437839188
Dolce & Gabbana,Dress a Tre Pezzi Gessato,shopify_product_15414437675348
Dolce & Gabbana,Dress a Uncinetto,shopify_product_15414459171156
Elisabetta Franchi,Dress in Lace,shopify_product_15482597441876
Elisabetta Franchi,Dress in Lace,shopify_product_15482597474644
Elisabetta Franchi,Dress in Lace,shopify_product_15482597572948
Balmain,Dress with Bottoni,shopify_product_15482575389012
Dolce & Gabbana,Dress with Bustier,shopify_product_15414453633364
Balmain,Dress with Cinturino,shopify_product_15482578764116
Dolce & Gabbana,Dress with Lace,shopify_product_15414458745172
Elisabetta Franchi,Dress with Logo in Metallo,shopify_product_15414502949204
Lardini,Dress with Ruffles,shopify_product_15545743835476
Dolce & Gabbana,Dress with Stampa Frontale,shopify_product_15414454288724
Dsquared2,Dsq2 Kaban Jacket,shopify_product_12481279033684
Dsquared2,Dsq2 Kaban Jacket,shopify_product_12481403879764
Dsquared2,Dsq2 Vest,shopify_product_12481311211860
Dsquared2,Dsq2 Vest,shopify_product_12481310949716
Dsquared2,Dsqaured2 D2 Leaf Shorts,shopify_product_15028308377940
Dsquared2,Dsquared Boston Denim Jeans,shopify_product_15028308509012
Dsquared2,Dsquared Sweatshirt Relax,shopify_product_12481296925012
Dsquared2,Dsquared2 Black Bull Sailor Denim Jeans,shopify_product_15028308672852
Dsquared2,Dsquared2 Black Bull Skater Jeans,shopify_product_15028308836692
Dsquared2,Dsquared2 Black Bull Skater Jeans,shopify_product_15028309000532
Dsquared2,Dsquared2 Classic Wool Trousers,shopify_product_15028309164372
Dsquared2,Dsquared2 Cool Guy Denim Jeans,shopify_product_15028309328212
Dsquared2,Dsquared2 Cottn Logo T-Shirt,shopify_product_15028309524820
Dsquared2,Dsquared2 Cotton Bodysuit White,shopify_product_12480937361748
Dsquared2,Dsquared2 Cotton Cargo Pants,shopify_product_15028309688660
Dsquared2,Dsquared2 Cotton Denim Jeans,shopify_product_15028309819732
Dsquared2,Dsquared2 Cotton Denim Jeans,shopify_product_15028309983572
Dsquared2,Dsquared2 Cotton Denim Jeans,shopify_product_15028310147412
Dsquared2,Dsquared2 Cotton Logo Shorts,shopify_product_15028310376788
Dsquared2,Dsquared2 Cotton Logo Sweatshirt,shopify_product_15028310540628
Dsquared2,Dsquared2 Cotton Logo Sweatshirt,shopify_product_15028310704468
Dsquared2,Dsquared2 Cotton Logo T-Shirt,shopify_product_15028310802772
Dsquared2,Dsquared2 Cotton Logo T-Shirt,shopify_product_15436342952276
Dsquared2,Dsquared2 Cotton Socks Black,shopify_product_12480936280404
Dsquared2,Dsquared2 Cotton Socks White,shopify_product_12480935919956
Dsquared2,Dsquared2 Cotton Sweater,shopify_product_15028310999380
Dsquared2,Dsquared2 Cotton Sweatshirt,shopify_product_15028311163220
Dsquared2,Dsquared2 Cotton Sweatshirt Orange,shopify_product_12480937001300
Dsquared2,Dsquared2 Cotton T-Shirt,shopify_product_15028311359828
Dsquared2,Dsquared2 Cotton T-Shirt,shopify_product_15482598785364
Dsquared2,Dsquared2 Cotton T-Shirt,shopify_product_15482598883668
Dsquared2,Dsquared2 Cotton T-shirt,shopify_product_15028311523668
Dsquared2,Dsquared2 Cotton T-shirt,shopify_product_15018012606804
Dsquared2,Dsquared2 Cotton T-shirt,shopify_product_15436343476564
Dsquared2,Dsquared2 Cotton Tie-Dye Shorts,shopify_product_15028311687508
Dsquared2,Dsquared2 Cotton Trousers,shopify_product_15028311884116
Dsquared2,Dsquared2 Crystal Embellished Coat,shopify_product_15028312015188
Dsquared2,Dsquared2 Denim Shirt,shopify_product_15028312211796
Dsquared2,Dsquared2 Denim Shirt,shopify_product_15028312408404
Dsquared2,Dsquared2 Distressed Effect Denim Shirt,shopify_product_15028312572244
Dsquared2,Dsquared2 Double-Breasted Jacket,shopify_product_15028289929556
Dsquared2,Dsquared2 Feathers Bomber Jacket,shopify_product_15028290126164
Dsquared2,Dsquared2 Feathers Bomber Jacket,shopify_product_15028290355540
Dsquared2,Dsquared2 Hooded Sweatshirt,shopify_product_15028290552148
Dsquared2,Dsquared2 Jennifer Denim Jeans,shopify_product_15028290715988
Dsquared2,Dsquared2 Jennifer Denim Jeans,shopify_product_15018004218196
Dsquared2,Dsquared2 Leather Backpack Grey,shopify_product_12481294926164
Dsquared2,Dsquared2 Leopard Calf Hair Cropped Jacket,shopify_product_15028290879828
Dsquared2,Dsquared2 Logo Hooded Windbreaker,shopify_product_15028291043668
Dsquared2,Dsquared2 Logo Hooded Windbreaker,shopify_product_15028291240276
Dsquared2,Dsquared2 Mink Collar Sleeveless Top,shopify_product_15028291404116
Dsquared2,Dsquared2 Niagara Falls Trench Coat,shopify_product_15028291567956
Dsquared2,Dsquared2 Nylon Swim Shorts Sky Blue,shopify_product_12481138131284
Dsquared2,Dsquared2 Silk Printed Mini Dress,shopify_product_15028291731796
Dsquared2,Dsquared2 Silk Printed Mini Dress,shopify_product_15415307108692
Dsquared2,Dsquared2 Skater Denim Jeans,shopify_product_15028291862868
Dsquared2,Dsquared2 Skater Denim Jeans,shopify_product_15028292059476
Dsquared2,Dsquared2 Skater Denim Jeans,shopify_product_15018004545876
Dsquared2,Dsquared2 Sleeveless Long Top,shopify_product_15028292223316
Dsquared2,Dsquared2 Sleeveless Long Top,shopify_product_15436343804244
Dsquared2,Dsquared2 Swim Shorts Black,shopify_product_12481138458964
Dsquared2,Dsquared2 T-Shirts Black,shopify_product_15546005061972
Dsquared2,Dsquared2 T-Shirts Grey,shopify_product_15546003718484
Dsquared2,Dsquared2 T-Shirts Grey,shopify_product_15546001129812
Dsquared2,Dsquared2 T-Shirts Grey,shopify_product_15546002342228
Dsquared2,Dsquared2 T-Shirts Multicolor,shopify_product_15546152943956
Dsquared2,Dsquared2 Tokyo Wool Suit,shopify_product_15028292419924
Dsquared2,Dsquared2 Tokyo Wool Suit,shopify_product_15430957171028
Dsquared2,Dsquared2 Two Tone Logo T-Shirt,shopify_product_15028292583764
Dsquared2,Dsquared2 Vest Blue,shopify_product_12480941883732
Dsquared2,Dsquared2 Vest Orange,shopify_product_12480941490516
Dsquared2,Dsquared2 Windbreaker Jacket,shopify_product_15028292747604
Dsquared2,Dsquared2 Wool Suit,shopify_product_15028292911444
Dsquared2,Dsquared2 x Smiley Denim Shirt,shopify_product_15028293042516
Dsquared2,Dsquared2 &lsquo;Aviator&rsquo; Relaxed-Fitting Trousers,shopify_product_15028293271892
Dunhill,Dunhill Cotton Striped Polo,shopify_product_15546283721044
Patrizia Pepe,D&eacute;collet&eacute; Craquel&eacute; Gold,shopify_product_15035399209300
Dirk Bikkembergs,E35.119-999,shopify_product_12480772211028
Jacob Cohen,Eduard Regular Fit,shopify_product_12481256063316
Eleventy,Eleventy Leather Fur Mules,shopify_product_15028293402964
Elisabetta Franchi,Elisabetta Franchi Dress Blue,shopify_product_12480744653140
Elisabetta Franchi,Elisabetta Franchi Dress Pink,shopify_product_15414498656596
Elisabetta Franchi,Elisabetta Franchi Dress Yellow,shopify_product_12480746553684
Elisabetta Franchi,Elisabetta Franchi Jacket Pink,shopify_product_12480746127700
Elisabetta Franchi,Elisabetta Franchi Lace Dress,shopify_product_15414498001236
Elisabetta Franchi,Elisabetta Franchi Shirt Violet,shopify_product_15414499574100
Elisabetta Franchi,Elisabetta Franchi T-Shirt Green,shopify_product_15414503014740
Elisabetta Franchi,Elisabetta Franchi T-Shirt Pink,shopify_product_15414498525524
Elisabetta Franchi,Elisabetta Franchi T-Shirt Violet,shopify_product_15414499869012
Elisabetta Franchi,Elisabetta Franchi Tracksuit Green,shopify_product_15414497870164
Elisabetta Franchi,Elisabetta Franchi Viscose T-Shirt White,shopify_product_15414498132308
ELLI,Emilio Romanelli Cashmere Sweater,shopify_product_12480851673428
ELLI,Emilio Romanelli Cashmere Sweater Beige,shopify_product_12480852033876
ELLI,Emilio Romanelli Cashmere Sweater Beige,shopify_product_12480869269844
ELLI,Emilio Romanelli Cashmere Sweater Black,shopify_product_12480872022356
ELLI,Emilio Romanelli Cashmere Sweater Blue,shopify_product_12480872382804
ELLI,Emilio Romanelli Cashmere Sweater Brown,shopify_product_12480871661908
ELLI,Emilio Romanelli Cashmere Sweater Denim Blue,shopify_product_12480853180756
ELLI,Emilio Romanelli Cashmere Sweater Denim Blue,shopify_product_12480868155732
ELLI,Emilio Romanelli Cashmere Sweater Green,shopify_product_12480852361556
ELLI,Emilio Romanelli Cashmere Sweater Greige,shopify_product_12480873759060
ELLI,Emilio Romanelli Cashmere Sweater Grey,shopify_product_12480848626004
ELLI,Emilio Romanelli Cashmere Sweater Navy,shopify_product_12480872874324
ELLI,Emilio Romanelli Cashmere Sweater Red,shopify_product_12480867795284
ELLI,Emilio Romanelli Cashmere Sweater Salmon,shopify_product_12480852787540
ELLI,Emilio Romanelli Cashmere Sweater Sky Blue,shopify_product_12480851280212
ELLI,Emilio Romanelli Cashmere Sweater Sky Blue,shopify_product_12480873333076
ELLI,Emilio Romanelli Cashmere Sweater Stucco,shopify_product_12480868483412
ELLI,Emilio Romanelli Cashmere Sweater White,shopify_product_12480868876628
Emporio Armani,Emporio Armani Crossbody Bag,shopify_product_15028303724884
Emporio Armani,Emporio Armani Crossbody Bag,shopify_product_15028303921492
Emporio Armani,Emporio Armani Shoulder Bag,shopify_product_15028303331668
Emporio Armani,Emporio Armani Swimwear Red,shopify_product_15394826158420
Emporio Armani,Emporio Armani Swimwear White,shopify_product_15545722470740
Emporio Armani,Emporio Armani Velvet Clutch Bag,shopify_product_15028303495508
Etro,Etro Bikinis Multicolor,shopify_product_15394834219348
Etro,Etro Hooded Sweatshirt,shopify_product_15028293534036
Frankie Morello,FRANKIE MORELLO Denim Jacket,shopify_product_15028295172436
Frankie Morello,FRANKIE MORELLO Denim Jacket,shopify_product_15427217785172
Fabiana Filippi,Fabiana Filippi Fox Fur Knitted Vest Jacket,shopify_product_15028293730644
Fendi,Fendi Cady Silk Dress,shopify_product_15357460906324
Fendi,Fendi Decorative Heel Leather Pumps,shopify_product_15028293894484
Fendi,Fendi FF Motif Wool Jacket,shopify_product_15054928216404
Fendi,Fendi Ff Color-Block Draped Trousers,shopify_product_15357457662292
Fendi,Fendi Fur Collar Wool Coat,shopify_product_15028293992788
Fendi,Fendi Fur Collar Wool Coat,shopify_product_15018005234004
Fendi,Fendi Fur Trim Velvet Midi Dress,shopify_product_15028294123860
Fendi,Fendi Go-To Cashmere Jacket,shopify_product_15054928249172
Fendi,Fendi Leather Frame Boots,shopify_product_15028294353236
Fendi,Fendi Leather Monogram Loafers,shopify_product_15028294517076
Fendi,Fendi Logo Sneakers,shopify_product_15028294680916
Fendi,Fendi Printed Silk Shorts,shopify_product_15028294844756
Fendi,Fendi Reversible Trench Coat,shopify_product_15048337064276
Fendi,Fendi Reversible Trench Coat,shopify_product_15415302979924
Fendi,Fendi Virgin Wool Grain De Poud Skirt,shopify_product_15058869715284
Fendi,Fendi Wool And Cashmere Cardigan,shopify_product_15357455434068
Salvatore Ferragamo,Ferragamo  Formia Leather Ankle Boots,shopify_product_15028292190548
Lardini,Flower print allover strapless dress,shopify_product_15545754714452
Givenchy,GIVENCHY Black Slim Fit Tailored Jacket,shopify_product_15028291109204
Givenchy,GIVENCHY Black Slim Fit Tailored Jacket,shopify_product_15018005397844
Moose Knuckles,GRAND METIS,shopify_product_12481500676436
PINKO,Galanti Skirt Lino,shopify_product_12550593806676
Ganni,Ganni Cotton Striped Shirt,shopify_product_15058869059924
Ganni,Ganni Cotton Striped Shirt,shopify_product_15436342264148
Ganni,Ganni Gold Coated Gilet,shopify_product_15546237223252
Ganni,Ganni Tops Pink,shopify_product_15394834448724
Ganni,Ganni Two-Band Mules with Perforated Studs,shopify_product_15546241024340
Gucci,Gaucho Skirt in Black Gucci,shopify_product_15546246431060
Axel Arigato,Genesis Vintage Runner Sneakers by Axel Arigato,shopify_product_15546031276372
Gianvito Rossi,Gianvito Rossi Carla Ballerina Flats,shopify_product_15028295369044
Gianvito Rossi,Gianvito Rossi Christina Leather Ballerina Flats,shopify_product_15018005856596
Gianvito Rossi,Gianvito Rossi Glover Sneakers,shopify_product_15028295729492
Gianvito Rossi,Gianvito Rossi Glover Sneakers,shopify_product_15028295926100
Gianvito Rossi,Gianvito Rossi Glover Sneakers,shopify_product_15018006020436
Gianvito Rossi,Gianvito Rossi Leather Flat Sandals,shopify_product_15018006085972
Gianvito Rossi,Gianvito Rossi Leather Pumps,shopify_product_15028296286548
Gianvito Rossi,Gianvito Rossi Leather Pumps,shopify_product_15018006217044
Gianvito Rossi,Gianvito Rossi Leather Slingback Pumps,shopify_product_15028296450388
Gianvito Rossi,Gianvito Rossi Leather Slingback Pumps,shopify_product_15018006282580
Gianvito Rossi,Gianvito Rossi Metropolis 70 Sandals,shopify_product_15018006413652
Gianvito Rossi,Gianvito Rossi Nuit 95 Glossed-Leather Pumps,shopify_product_15028296810836
Gianvito Rossi,Gianvito Rossi Plexi Slingback Flats,shopify_product_15018006577492
Gianvito Rossi,Gianvito Rossi Plexi Slingback Flats,shopify_product_15430744768852
Gianvito Rossi,Gianvito Rossi Robbie Leather Pumps,shopify_product_15028297138516
Gianvito Rossi,Gianvito Rossi Robbie Leather Pumps,shopify_product_15018006708564
Gianvito Rossi,Gianvito Rossi Suede Wedge Espadrilles,shopify_product_15018006839636
PINKO,Ginseng Legging,shopify_product_15029976957268
Giorgio Armani,Giorgio Armani Ties Blue,shopify_product_15546124468564
Dsquared2,Giubbino Dsq2 Logo,shopify_product_12507027505492
People of Shibuya,Giubbino New,shopify_product_12481253015892
Hinnominate,Giubbino Nylon Aloe,shopify_product_12481113227604
Hinnominate,Giubbino Nylon Black,shopify_product_12481110442324
Hinnominate,Giubbino Nylon Sand,shopify_product_12481113588052
Dolce & Gabbana,Giubbino Sweatshirt,shopify_product_15471445082452
Dolce & Gabbana,Giubbotto with Bottoni,shopify_product_15471441903956
Giuseppe Zanotti,Giuseppe Zanotti Cobra Sneakers,shopify_product_15028297498964
Giuseppe Zanotti,Giuseppe Zanotti Leather Loafers,shopify_product_15394750726484
Giuseppe Zanotti,Giuseppe Zanotti Leather Sneakers,shopify_product_15028297662804
Giuseppe Zanotti,Giuseppe Zanotti Leather Sneakers,shopify_product_15028297826644
Giuseppe Zanotti,Giuseppe Zanotti May London Sneakers,shopify_product_15028297990484
Giuseppe Zanotti,Giuseppe Zanotti May London Sneakers,shopify_product_15028298187092
Giuseppe Zanotti,Giuseppe Zanotti Talon High-Top Sneakers,shopify_product_15028298350932
Giuseppe Zanotti,Giuseppe Zanotti Talon Sneakers,shopify_product_15028298514772
Givenchy,Givenchy 'Town' Leather Low Sneakers,shopify_product_15028298678612
Givenchy,Givenchy 4G Windbreaker,shopify_product_15056213049684
Givenchy,Givenchy Antigona Lock Mini Leather Handbag,shopify_product_15028299923796
Givenchy,Givenchy Asymmetrical Dress,shopify_product_15357460971860
Givenchy,Givenchy Cotton Denim Jeans,shopify_product_15357460513108
Givenchy,Givenchy Cotton Joggers,shopify_product_15357457727828
Givenchy,Givenchy Cotton Logo Sweatpants,shopify_product_15357457793364
Givenchy,Givenchy G-Lock Pumps,shopify_product_15028298875220
Givenchy,Givenchy Giv Cut Sunglasses,shopify_product_15028288323924
Givenchy,Givenchy Leather Slingback Pumps,shopify_product_15028299039060
Givenchy,Givenchy Lock Cowboy Boots,shopify_product_15028291305812
Givenchy,Givenchy Logo Hooded Sweatshirt,shopify_product_15028299202900
Givenchy,Givenchy Logo Sweater,shopify_product_15357455499604
Givenchy,Givenchy Logo Wool Scarf,shopify_product_15414501081428
Givenchy,Givenchy Logo Wool Scarf,shopify_product_15414501179732
Givenchy,Givenchy Logo-Embroidered Swim Shorts,shopify_product_15028299858260
Givenchy,Givenchy Rainbow Chain Nylon Jacket,shopify_product_15028300054868
Givenchy,Givenchy Shark Lock Cowboy boots,shopify_product_15028289798484
Givenchy,Givenchy Show 95 Stocking Pumps,shopify_product_15028300218708
Givenchy,Givenchy Slim 4G T-Shirt,shopify_product_15357456023892
Givenchy,Givenchy Striped Side Panel Wool Trousers,shopify_product_15028304183636
Givenchy,Givenchy Wool Logo Hat,shopify_product_15028315554132
Givenchy,Givenchy Wool Logo Hat,shopify_product_15414500917588
Givenchy,Givenchy Wool Logo Scarf,shopify_product_15550193762644
Givenchy,Givenchy Wrap Sunglasses,shopify_product_15028287242580
Golden Goose,Golden Goose Journey Hoodie Sweatshirt,shopify_product_15485741597012
CP Company,Gore G-Type Lens Jacket,shopify_product_15414496493908
CP Company,Gore G-Type Lens Jacket,shopify_product_15414496788820
CP Company,Gore G-Type Lens Jacket,shopify_product_15414497018196
CP Company,Gore G-Type Lens Jacket,shopify_product_15414497083732
Gran Sasso,Gran Sasso Beige Cotton Cardigan Sweater,shopify_product_15546208125268
Gran Sasso,Gran Sasso Blue Fine Wool Crewneck Sweater,shopify_product_15546193314132
Gran Sasso,Gran Sasso Brown Fine Wool Crewneck Sweater,shopify_product_15546201538900
Gran Sasso,Gran Sasso Cream White Cotton Cardigan Sweater,shopify_product_15546209272148
Gran Sasso,Gran Sasso Dark Red Wool Half-Zip Mock Sweater,shopify_product_15546188104020
Gran Sasso,Gran Sasso Hats White,shopify_product_15546363609428
Gran Sasso,Gran Sasso Knitwear,shopify_product_15546362888532
Gran Sasso,Gran Sasso Knitwear Red,shopify_product_15394826125652
Gran Sasso,Gran Sasso Knitwear Red,shopify_product_15545870844244
Gran Sasso,Gran Sasso Knitwear Yellow,shopify_product_15545869336916
Gran Sasso,Gran Sasso Light Blue Linen Polo,shopify_product_15546311180628
Gran Sasso,Gran Sasso Light Blue Mixed Linen Half Sleeve Shirt,shopify_product_15545807339860
Gran Sasso,Gran Sasso Long Sleeve Zip-Up Grey Sweater,shopify_product_15546309706068
Gran Sasso,Gran Sasso Long-Sleeved Gray Cotton Sweater,shopify_product_15546215235924
Gran Sasso,Gran Sasso Multicolor Linen Blend Crewneck Sweater,shopify_product_15546214154580
Gran Sasso,Gran Sasso Organic Cotton Cherry Red Classic Polo,shopify_product_15546307215700
Gran Sasso,Gran Sasso Polo Shirts Red,shopify_product_15394826518868
Gran Sasso,Gran Sasso Purple Cotton Crewneck Sweater,shopify_product_15546210484564
Gran Sasso,Gran Sasso Purple Cotton V-Neck Sweater,shopify_product_15546211369300
Gran Sasso,Gran Sasso Purple Wool Crewneck Sweater,shopify_product_15546212319572
Gran Sasso,Gran Sasso Shirts White,shopify_product_15394825666900
Gran Sasso,Gran Sasso Sweaters,shopify_product_15546363216212
Gran Sasso,Gran Sasso Sweaters Beige,shopify_product_15546197410132
Gran Sasso,Gran Sasso Sweaters Brown,shopify_product_15546190627156
Gran Sasso,Gran Sasso Sweaters Brown,shopify_product_15546191282516
Gran Sasso,Gran Sasso Sweaters Brown,shopify_product_15546188857684
Gran Sasso,Gran Sasso Sweaters Brown,shopify_product_15546189709652
Gran Sasso,Gran Sasso Sweaters Brown,shopify_product_15546195575124
Gran Sasso,Gran Sasso Sweaters Grey,shopify_product_15546196197716
Gran Sasso,Gran Sasso Sweaters Light Blue,shopify_product_15546194362708
Gran Sasso,Gran Sasso Sweaters White,shopify_product_15546200228180
Gran Sasso,Gran Sasso Sweaters White,shopify_product_15546199114068
Gran Sasso,Gran Sasso Sweaters White,shopify_product_15394825535828
Gran Sasso,Gran Sasso T-Shirts Blue,shopify_product_15394825699668
Gran Sasso,Gran Sasso White Worsted Wool Cardigan Sweater,shopify_product_15546198163796
Thom Browne,Green Cotton Shorts Mid Thigh Thom Browne,shopify_product_15394835005780
Gucci,Gucci Cotton Logo Shirt,shopify_product_15357456417108
Gucci,Gucci Cotton Poplin Shirt,shopify_product_15357456482644
Gucci,Gucci Cotton Sweatpants,shopify_product_15355085783380
Gucci,Gucci Denim Loafers,shopify_product_15028306149716
Gucci,Gucci Down Jacket,shopify_product_15028304347476
Gucci,Gucci Fiorito Floral Dress,shopify_product_15058868928852
Gucci,Gucci GG Reversible Jacket,shopify_product_15056213082452
Gucci,Gucci Gabardine Bermuda Shorts,shopify_product_15028300415316
Gucci,Gucci Horsebit 1955 Soft Small Shoulder Bag,shopify_product_15028300579156
Gucci,Gucci Horsebit 1955 Soft Small Shoulder Bag,shopify_product_15018007626068
Gucci,Gucci Interlocking G A-line Skirt,shopify_product_15058869616980
Gucci,Gucci Jeans,shopify_product_15357460447572
Gucci,Gucci Pleated Dress,shopify_product_15058869027156
Gucci,Gucci Ribbed-Knit Silk T-Shirt,shopify_product_15357460185428
Gucci,Gucci Shorts Avio Blue,shopify_product_15394834383188
Gucci,Gucci Silk Chiffon Dress,shopify_product_15058868896084
Gucci,Gucci Silk Long Dress,shopify_product_15058868830548
Gucci,Gucci Silk Midi Dress,shopify_product_15028300742996
Gucci,Gucci Striped Cotton Polo,shopify_product_15357459890516
Gucci,Gucci Wide-Leg Denim Jeans,shopify_product_15357460382036
Gucci,Gucci Wide-Leg Denim Jeans,shopify_product_15487829770580
Gucci,Gucci Wide-Leg Denim Jeans,shopify_product_15489333625172
Gucci,Gucci Wool And Cashmere Cardigan,shopify_product_15028300874068
Gucci,Gucci Wool And Cashmere Cardigan,shopify_product_15487832457556
Gucci,Gucci Wool And Cashmere Cardigan,shopify_product_15489337131348
Gucci,Gucci Wool Blend Jacket,shopify_product_15056213147988
Gucci,Gucci Wool Checked Blazer,shopify_product_15056213180756
Gucci,Gucci Wool Checked Blazer,shopify_product_15487818006868
Gucci,Gucci Wool Checked Blazer,shopify_product_15489325957460
Gucci,Gucci Wool Checked Blazer,shopify_product_15532593119572
Gucci,Gucci Wool Checked Blazer,shopify_product_15534534590804
Gucci,Gucci Wool Checked Blazer,shopify_product_15535248802132
Gucci,Gucci Wool Checked Blazer,shopify_product_15538400756052
Gucci,Gucci Wool Checked Blazer,shopify_product_15545178063188
Gucci,Gucci Wool Checked Blazer,shopify_product_15546302103892
Gucci,Gucci Wool Checked Blazer,shopify_product_15546804699476
Gucci,Gucci Wool Checked Blazer,shopify_product_15552355795284
Gucci,Gucci Wool Checked Blazer,shopify_product_15553578729812
Gucci,Gucci Wool Checked Blazer,shopify_product_15551995085140
Gucci,Gucci Wool Sweater,shopify_product_15357455466836
Gucci,Gucci Wool Sweater,shopify_product_15487832686932
Gucci,Gucci Wool Sweater,shopify_product_15489337491796
Gucci,Gucci Wool Zipped Sweatshirt,shopify_product_15357458579796
MC2 Saint Barth,Gustavia Mimetic Daisy 54,shopify_product_15414443508052
MC2 Saint Barth,Gustavia Multi Daisy Col,shopify_product_15414444458324
HERNO,HERNO AMELIA Padded Coat,shopify_product_15028301070676
HERNO,HERNO Blazer Jacket,shopify_product_15369128182100
HERNO,HERNO Boucl&eacute; knit Down Jacket,shopify_product_15367864516948
HERNO,HERNO CURLY FAUX FUR Coat,shopify_product_15028301234516
HERNO,HERNO Cargo Pants,shopify_product_15028290781524
HERNO,HERNO Cashmere Cardigan,shopify_product_15028292878676
HERNO,HERNO Cashmere Coat,shopify_product_15028290453844
HERNO,HERNO Cashmere Sweater,shopify_product_15028301398356
HERNO,HERNO Cashmere Sweater,shopify_product_15028322173268
HERNO,HERNO Cashmere Sweater,shopify_product_15028323877204
HERNO,HERNO Cashmere Sweater,shopify_product_15427245310292
HERNO,HERNO Cashmere Sweater,shopify_product_15427245506900
HERNO,HERNO Casual pants,shopify_product_15427265364308
HERNO,HERNO Cotton Cap,shopify_product_15028292321620
HERNO,HERNO Cotton Cap,shopify_product_15414501704020
HERNO,HERNO Cotton Coat,shopify_product_15028298088788
HERNO,HERNO Cotton T-shirt,shopify_product_15028305330516
HERNO,HERNO Cotton T-shirt,shopify_product_15028323451220
HERNO,HERNO Cotton T-shirt,shopify_product_15028323713364
HERNO,HERNO Cotton T-shirt,shopify_product_15436360417620
HERNO,HERNO Cotton T-shirt,shopify_product_15436360646996
HERNO,HERNO Cotton T-shirt,shopify_product_15436360876372
HERNO,HERNO Denim Jacket,shopify_product_15369128149332
HERNO,HERNO Denim Jacket,shopify_product_15369128214868
HERNO,HERNO Down Bomber Jacket,shopify_product_15028304675156
HERNO,HERNO Down Jacket,shopify_product_15028290978132
HERNO,HERNO Down Jacket,shopify_product_15028298285396
HERNO,HERNO Down Jacket,shopify_product_15028301562196
HERNO,HERNO Down Jacket,shopify_product_15028322828628
HERNO,HERNO Down Jacket,shopify_product_15365179769172
HERNO,HERNO Down Pants,shopify_product_15028291338580
HERNO,HERNO Down Pants,shopify_product_15427266609492
HERNO,HERNO Down Vest Jacket,shopify_product_15028298449236
HERNO,HERNO Down Vest Jacket,shopify_product_15427225420116
HERNO,HERNO Faux Fur Sleeveles Coat,shopify_product_15048336572756
HERNO,HERNO Half-sleeve Down Jacket,shopify_product_15369128051028
HERNO,HERNO Hooded Padded Coat,shopify_product_15048336474452
HERNO,HERNO Hooded Sweatshirt,shopify_product_15028288749908
HERNO,HERNO Hooded sweatshirt,shopify_product_15028323680596
HERNO,HERNO Keystone Parka Coat,shopify_product_15028291993940
HERNO,HERNO LAMINAR DOWN JACKET,shopify_product_15028298613076
HERNO,HERNO Laminar Goretex Coat,shopify_product_15028302741844
HERNO,HERNO Lightweight Trench Coat,shopify_product_15046430687572
HERNO,HERNO Logo Detailed Crewneck T-shirt,shopify_product_15028323483988
HERNO,HERNO Logo Detailed Crewneck T-shirt,shopify_product_15436361171284
HERNO,HERNO Mohair Wool Sweater,shopify_product_15028292157780
HERNO,HERNO Mohair Wool Sweater,shopify_product_15427246391636
HERNO,HERNO Padded Coat,shopify_product_15028304478548
HERNO,HERNO Padded Coat,shopify_product_15018008084820
HERNO,HERNO Padded Faux Fur Vest Coat,shopify_product_15028291174740
HERNO,HERNO Padded Gilet,shopify_product_15028290060628
HERNO,HERNO Padded Hat,shopify_product_15028292550996
HERNO,HERNO Padded Hat,shopify_product_15414501802324
HERNO,HERNO Padded Jacket,shopify_product_15028293468500
HERNO,HERNO Padded Jacket,shopify_product_15028301758804
HERNO,HERNO Padded Pants,shopify_product_15028323615060
HERNO,HERNO Padded Pants,shopify_product_15427262644564
HERNO,HERNO Quilted Down jacket,shopify_product_15369127723348
HERNO,HERNO Reversible Bomber jacket,shopify_product_15028320338260
HERNO,HERNO Satin Wide Pants,shopify_product_15028304314708
HERNO,HERNO Satin Wide Pants,shopify_product_15018007953748
HERNO,HERNO Satin Wide Pants,shopify_product_15427266740564
HERNO,HERNO Shearling Jacket,shopify_product_15028320239956
HERNO,HERNO Ultralight reversible A-line down Coat,shopify_product_15369127756116
HERNO,HERNO Wool Balaclava Hat,shopify_product_15028292944212
HERNO,HERNO Wool Balaclava Hat,shopify_product_15414502064468
HERNO,HERNO Wool Biker Jacket,shopify_product_15028301988180
HERNO,HERNO Wool Cashmere Hooded Coat,shopify_product_15028302086484
HERNO,HERNO Wool Coat,shopify_product_15028291535188
HERNO,HERNO Wool Coat,shopify_product_15028291699028
HERNO,HERNO Wool Coat,shopify_product_15028305690964
HERNO,HERNO Wool Down Coat,shopify_product_15028302250324
HERNO,HERNO Wool Down Coat,shopify_product_15415303405908
HERNO,HERNO Wool Jacket,shopify_product_15028304904532
HERNO,HERNO Wool Pants,shopify_product_15028302414164
HERNO,HERNO Wool Pants,shopify_product_15427263234388
HERNO,HERNO Wool Pullover,shopify_product_15028289241428
HERNO,HERNO Wool Pullover,shopify_product_15028323516756
HERNO,HERNO Wool Pullover,shopify_product_15028323647828
HERNO,HERNO Wool Pullover,shopify_product_15427242721620
HERNO,HERNO Wool Pullover,shopify_product_15427242787156
HERNO,HERNO Wool Pullover,shopify_product_15427246489940
HERNO,HERNO Wool Sweater,shopify_product_15028305166676
HERNO,HERNO Wool Sweater,shopify_product_15028323549524
HERNO,HERNO Wool Sweater,shopify_product_15427242623316
HERNO,HERNO Wool Sweater,shopify_product_15427242950996
Hinnominate,Hat with Ricamo,shopify_product_12481059684692
HERNO,Herno  asymmetric short-sleeve blouse,shopify_product_15028322369876
HERNO,Herno  asymmetric short-sleeve blouse,shopify_product_15018011197780
HERNO,Herno  asymmetric short-sleeve blouse,shopify_product_15436347343188
HERNO,Herno  pleated drawstring pants,shopify_product_15028322468180
HERNO,Herno  pleated drawstring pants,shopify_product_15427267199316
HERNO,Herno  short-sleeve T-shirt,shopify_product_15028290519380
HERNO,Herno  short-sleeve T-shirt,shopify_product_15018001498452
HERNO,Herno  short-sleeve T-shirt,shopify_product_15436348784980
HERNO,Herno  zigzag-stripe sweater,shopify_product_15028323582292
HERNO,Herno  zigzag-stripe sweater,shopify_product_15427243049300
HERNO,Herno All-Over Logo Jacket,shopify_product_15370112074068
HERNO,Herno Audry Cotton Coat,shopify_product_15383519723860
HERNO,Herno Audry Cotton Coat,shopify_product_15415305240916
HERNO,Herno Baseball Cap,shopify_product_15391442141524
HERNO,Herno Baseball Cap,shopify_product_15391442207060
HERNO,Herno Baseball Cap,shopify_product_15414502162772
HERNO,Herno Belted Single-Breasted Coat,shopify_product_15391442272596
HERNO,Herno Belted Trench Coat,shopify_product_15403409801556
HERNO,Herno Bomber Jacket,shopify_product_15395747692884
HERNO,Herno Button-Front Casual Jacket,shopify_product_15372247368020
HERNO,Herno Cashmere Cardigan,shopify_product_15383519789396
HERNO,Herno Cashmere Coat,shopify_product_15028290584916
HERNO,Herno Cashmere Sweater,shopify_product_15028288291156
HERNO,Herno Cashmere Sweater,shopify_product_15377420550484
HERNO,Herno Cashmere Sweater,shopify_product_15512429330772
HERNO,Herno Cashmere Zipped Sweater,shopify_product_15028288586068
HERNO,Herno Casual Pants,shopify_product_15406681882964
HERNO,Herno Casual Pants,shopify_product_15427266380116
HERNO,Herno Casual Wool Pants,shopify_product_15028305264980
HERNO,Herno Casual Wool Pants,shopify_product_15427264905556
HERNO,Herno Chest-Pockets Shirt,shopify_product_15370112532820
HERNO,Herno Collarless Cropped-Sleeve Jacket,shopify_product_15391442370900
HERNO,Herno Colour-Block Hooded Sweatshirt,shopify_product_15431049609556
HERNO,Herno Concealed-Fastening Coat,shopify_product_15377420288340
HERNO,Herno Concealed-Fastening Coat,shopify_product_15377420386644
HERNO,Herno Concealed-Fastening Coat,shopify_product_15377420484948
HERNO,Herno Concealed-Fastening Coat,shopify_product_15378507039060
HERNO,Herno Cotton Blend Pullover,shopify_product_15377420419412
HERNO,Herno Cotton Blend Pullover,shopify_product_15427243639124
HERNO,Herno Cotton Blend T-shirt,shopify_product_15436362711380
HERNO,Herno Cotton Cardigan,shopify_product_15028298744148
HERNO,Herno Cotton Cardigan,shopify_product_15431056589140
HERNO,Herno Cotton Coat,shopify_product_15370112139604
HERNO,Herno Cotton Coat,shopify_product_15370112434516
HERNO,Herno Cotton Crew Neck Sweatshirt,shopify_product_15028323418452
HERNO,Herno Cotton Crew Neck Sweatshirt,shopify_product_15436363268436
HERNO,Herno Cotton Jacket,shopify_product_15028298907988
HERNO,Herno Cotton Logo Baseball Cap,shopify_product_15391442174292
HERNO,Herno Cotton Logo Baseball Cap,shopify_product_15414501867860
HERNO,Herno Cotton Logo Cap,shopify_product_15383519625556
HERNO,Herno Cotton Logo Cap,shopify_product_15383519658324
HERNO,Herno Cotton Logo Cap,shopify_product_15414502359380
HERNO,Herno Cotton T-shirt,shopify_product_15028288913748
HERNO,Herno Cotton T-shirt,shopify_product_15380589609300
HERNO,Herno Cotton T-shirt,shopify_product_15406681850196
HERNO,Herno Cotton T-shirt,shopify_product_15436348293460
HERNO,Herno Cotton T-shirt,shopify_product_15436348555604
HERNO,Herno Cotton T-shirt,shopify_product_15436349047124
HERNO,Herno Cotton parka,shopify_product_15028299104596
HERNO,Herno Crewneck T-Shirt,shopify_product_15436348064084
HERNO,Herno Crewneck T-shirt,shopify_product_15436362973524
HERNO,Herno Crop-Sleeve Down Jacket,shopify_product_15390001922388
HERNO,Herno Crop-Sleeve Down Jacket,shopify_product_15427223552340
HERNO,Herno Cropped Trousers,shopify_product_15028289536340
HERNO,Herno Cropped Trousers,shopify_product_15427268280660
HERNO,Herno Crystal-Embellished Logo T-shirt,shopify_product_15436349407572
HERNO,Herno Crystal-Embellished Logo T-shirt,shopify_product_15436349702484
HERNO,Herno Denim Jacket,shopify_product_15382063972692
HERNO,Herno Down Gilet,shopify_product_15372247138644
HERNO,Herno Down Hooded Jacket,shopify_product_15028292714836
HERNO,Herno Down Jacket,shopify_product_15372247269716
HERNO,Herno Down Jacket,shopify_product_15380589248852
HERNO,Herno Down Jacket,shopify_product_15385098355028
HERNO,Herno Down Jacket,shopify_product_15391442239828
HERNO,Herno Down Jacket,shopify_product_15427223945556
HERNO,Herno Down Jacket,shopify_product_15427224994132
HERNO,Herno Down Jacket,shopify_product_15498229678420
HERNO,Herno Down Vest Jacket,shopify_product_15370112270676
HERNO,Herno Down Vest Jacket,shopify_product_15394753773908
HERNO,Herno Drawstring Elastic Waist Pants,shopify_product_15427267789140
HERNO,Herno Drawstring Elastic Waist Pants,shopify_product_15427267887444
HERNO,Herno Drawstring Trousers,shopify_product_15500277154132
HERNO,Herno Elastic Waist Midi Skirt,shopify_product_15028287471956
HERNO,Herno Elastic Waist Midi Skirt,shopify_product_15430889734484
HERNO,Herno Elasticated Trousers,shopify_product_15404900221268
HERNO,Herno Elasticated Trousers,shopify_product_15427267658068
HERNO,Herno Elasticated Trousers,shopify_product_15427267985748
HERNO,Herno Elena Down Jacket,shopify_product_15402835378516
HERNO,Herno Elena Down Jacket,shopify_product_15427224863060
HERNO,Herno Faux Leather Pants,shopify_product_15028289995092
HERNO,Herno Faux Leather Pants,shopify_product_15018001432916
HERNO,Herno Faux Leather Pants,shopify_product_15427266871636
HERNO,Herno Giada down jacket,shopify_product_15028302578004
HERNO,Herno High Waist Pants,shopify_product_15028289864020
HERNO,Herno High Waist Pants,shopify_product_15427268542804
HERNO,Herno High-Waist Palazzo Pants,shopify_product_15380589412692
HERNO,Herno High-Waist Palazzo Pants,shopify_product_15380589478228
HERNO,Herno High-Waist Palazzo Pants,shopify_product_15427267395924
HERNO,Herno High-Waist Palazzo Pants,shopify_product_15427267526996
HERNO,Herno Hooded Jacket,shopify_product_15369127690580
HERNO,Herno Hooded Jacket,shopify_product_15395747725652
HERNO,Herno Hooded Jacket,shopify_product_15404539904340
HERNO,Herno Hooded Padded Jacket,shopify_product_15495711097172
HERNO,Herno Hooded Padded Jacket,shopify_product_15499519394132
HERNO,Herno Hooded Padded Zip-Up Vest Jacket,shopify_product_15372247171412
HERNO,Herno Hooded Rain Coat,shopify_product_15404540166484
HERNO,Herno Hooded Rain Coat,shopify_product_15415303340372
HERNO,Herno Hooded Rain Jacket,shopify_product_15404540035412
HERNO,Herno Hooded Sweatshirt,shopify_product_15431047905620
HERNO,Herno Hooded Sweatshirt,shopify_product_15431049707860
HERNO,Herno Hooded Sweatshirt,shopify_product_15431056392532
HERNO,Herno Hooded Zipped Coat,shopify_product_15395747791188
HERNO,Herno Hooded Zipped Coat,shopify_product_15415305896276
HERNO,Herno Jackets Silver,shopify_product_15546115096916
HERNO,Herno Laminar Cargo Trousers,shopify_product_15400533721428
HERNO,Herno Laser Cut Hooded Jacket,shopify_product_15404539937108
HERNO,Herno Lazer Cut T-shirt,shopify_product_15436361433428
HERNO,Herno Lightweight Coat,shopify_product_15028299268436
HERNO,Herno Lightweight Cotton Parka Coat,shopify_product_15370112106836
HERNO,Herno Lightweight Down Jacket,shopify_product_15369399533908
HERNO,Herno Lightweight Down Jacket,shopify_product_15370111910228
HERNO,Herno Lightweight Down Jacket,shopify_product_15374469726548
HERNO,Herno Lightweight Down Jacket,shopify_product_15380589642068
HERNO,Herno Lightweight Hooded Jacket,shopify_product_15370112237908
HERNO,Herno Lightweight Hooded Jacket,shopify_product_15390001955156
HERNO,Herno Lightweight Hooded Jacket,shopify_product_15427221651796
HERNO,Herno Lightweight Jacket,shopify_product_15370112368980
HERNO,Herno Lightweight Jacket,shopify_product_15495709098324
HERNO,Herno Lightweight Jacket,shopify_product_15495710703956
HERNO,Herno Lightweight Jacket,shopify_product_15496004698452
HERNO,Herno Lightweight Jacket,shopify_product_15498227908948
HERNO,Herno Lightweight Parka Coat,shopify_product_15369399337300
HERNO,Herno Lightweight Parka Coat,shopify_product_15370112008532
HERNO,Herno Lightweight Parka Coat,shopify_product_15377420353876
HERNO,Herno Lightweight Parka Coat,shopify_product_15380589379924
HERNO,Herno Lightweight Parka Coat,shopify_product_15380589543764
HERNO,Herno Lightweight Parka Coat,shopify_product_15400533754196
HERNO,Herno Lightweight Parka Coat,shopify_product_15404539969876
HERNO,Herno Lightweight Parka Coat,shopify_product_15404540002644
HERNO,Herno Lightweight Parka Coat,shopify_product_15415305044308
HERNO,Herno Lightweight Parka Coat,shopify_product_15489315701076
HERNO,Herno Lightweight Parka Coat,shopify_product_15545411764564
HERNO,Herno Linen Down Jacket,shopify_product_15370112172372
HERNO,Herno Logo Baseball Cap,shopify_product_15390001987924
HERNO,Herno Logo Baseball Cap,shopify_product_15414502228308
HERNO,Herno Logo Baseball Mesh Cap,shopify_product_15414501966164
HERNO,Herno Logo Sweatshirt,shopify_product_15383519756628
HERNO,Herno Long Hooded Zip Coat,shopify_product_15391442338132
HERNO,Herno Long Hooded Zip Coat,shopify_product_15415304159572
HERNO,Herno Long Lightweight Coat,shopify_product_15370112401748
HERNO,Herno Long Rain Coat,shopify_product_15370112336212
HERNO,Herno Long Skirt,shopify_product_15430889668948
HERNO,Herno Long Sleeve Polo Shirt,shopify_product_15427275817300
HERNO,Herno Long sleeves Polo,shopify_product_15391442305364
HERNO,Herno Long-Sleeved Hooded Knitted Jumper,shopify_product_15028305035604
HERNO,Herno Matt Black Hooded Bomber Jacket,shopify_product_15367864549716
HERNO,Herno Matt Black Hooded Bomber Jacket,shopify_product_15427222503764
HERNO,Herno Men's Cotton Drawstring Hoodie with Zip &ndash; Premium,shopify_product_15383520084308
HERNO,Herno Men's Drawstring Elastic Waist Pants &ndash; Italian Made,shopify_product_15385098289492
HERNO,Herno Men's Drawstring Stretch Pants &ndash; Made in Italy,shopify_product_15383995056468
HERNO,"Herno Men's Drawstring Zip Hoodie &ndash; Cotton Blend, Premium",shopify_product_15383519887700
HERNO,Herno Men's Logo Baseball Cap in Cotton Mesh &ndash; Italy,shopify_product_15383520051540
HERNO,Herno Men's Nylon Dive Cargo Pants with Drawstring Waist,shopify_product_15383994925396
HERNO,Herno Men's Nylon Stretch Pants with Elastic Waist &ndash; Italy,shopify_product_15383995220308
HERNO,Herno Men's Panelled Cotton Sweatshirt with Kangaroo Pocket,shopify_product_15383520018772
HERNO,Herno Men's Single-Breasted Blazer in Loro Piana Virgin Wool,shopify_product_15385098420564
HERNO,Herno Men's Zip Hooded Cotton Sweatshirt with Side Pockets,shopify_product_15383520117076
HERNO,Herno Nylon Pants,shopify_product_15427265495380
HERNO,Herno Oversized Hooded Coat,shopify_product_15394753708372
HERNO,Herno Oversized Hooded Coat,shopify_product_15404540068180
HERNO,Herno Oversized Hooded Coat,shopify_product_15415305404756
HERNO,Herno Padded Denim Jacket,shopify_product_15370112205140
HERNO,Herno Padded Pants,shopify_product_15028287799636
HERNO,Herno Padded Vest Jacket,shopify_product_15374469595476
HERNO,Herno Panelled Hooded Jacket,shopify_product_15382064005460
HERNO,Herno Panelled-Design Sweatshirt,shopify_product_15431039418708
HERNO,Herno Parka Coat,shopify_product_15404540100948
HERNO,Herno Parka Coat,shopify_product_15415305732436
HERNO,Herno Patchwork Down Jacket,shopify_product_15370111975764
HERNO,Herno Plain Technical Joggers,shopify_product_15427268936020
HERNO,Herno Pleated Trousers,shopify_product_15028304118100
HERNO,Herno Pleated Trousers,shopify_product_15427268149588
HERNO,Herno Puffer Vest,shopify_product_15028287603028
HERNO,Herno Quilted Down Jacket,shopify_product_15374469628244
HERNO,Herno Quilted Down Jacket,shopify_product_15400533655892
HERNO,Herno Quilted jacket,shopify_product_15369127788884
HERNO,Herno Rain Jacket,shopify_product_15028299465044
HERNO,Herno Resort Hooded Wool Sweater,shopify_product_15028320108884
HERNO,Herno Reversible Down Jacket,shopify_product_15370111942996
HERNO,Herno Reversible Down Jacket,shopify_product_15380589510996
HERNO,Herno Reversible Down Jacket,shopify_product_15382064070996
HERNO,Herno Reversible Down Jacket,shopify_product_15427224731988
HERNO,Herno Reversible Padded Vest,shopify_product_15369127854420
HERNO,Herno Reversible Ultralight Down Coat,shopify_product_15369399501140
HERNO,Herno Reversible Ultralight Down Jacket,shopify_product_15370112041300
HERNO,Herno Reversible ultralight Down Jacket,shopify_product_15369127887188
HERNO,Herno Ruffled Flared Coat,shopify_product_15380589314388
HERNO,Herno Shirt Jacket,shopify_product_15028287963476
HERNO,Herno Shirt Jacket,shopify_product_15403409899860
HERNO,Herno Shirt Jacket,shopify_product_15489326973268
HERNO,Herno Short-Sleeve Down Jacket,shopify_product_15369128247636
HERNO,Herno Short-Sleeve Down Jacket,shopify_product_15374469497172
HERNO,Herno Silk Blend  T-shirt,shopify_product_15377420583252
HERNO,Herno Silk Blend  T-shirt,shopify_product_15436361859412
HERNO,Herno Silk Foulard,shopify_product_15589124866388
HERNO,Herno Silk Scarf,shopify_product_15414502392148
HERNO,Herno Single-Breasted Blazer,shopify_product_15395747758420
HERNO,Herno Single-Breasted Coat,shopify_product_15370112467284
HERNO,Herno Sleeveless Blazer Dress,shopify_product_15404900188500
HERNO,Herno Sleeveless Long Coat,shopify_product_15399556710740
HERNO,Herno Strap-Hem Sweatshirt,shopify_product_15390001889620
HERNO,Herno Stripe Trim Padded Jacket,shopify_product_15369127919956
HERNO,Herno T-Shirt White,shopify_product_12481205567828
HERNO,Herno Tapered Trousers,shopify_product_15427268804948
HERNO,Herno Technical Fabric Pants,shopify_product_15404540133716
HERNO,Herno Technical Fabric Pants,shopify_product_15427265757524
HERNO,Herno Techno Taffeta Parka Coat,shopify_product_15372247302484
HERNO,Herno Trench Coat,shopify_product_15370112303444
HERNO,Herno Ultralight Down Coat,shopify_product_15374469759316
HERNO,Herno Ultralight Down Coat,shopify_product_15385098486100
HERNO,Herno Ultralight Down Jacket,shopify_product_15369399435604
HERNO,Herno Ultralight Down Jacket,shopify_product_15369399468372
HERNO,Herno Ultralight Down Jacket,shopify_product_15380589707604
HERNO,Herno Ultralight Down Jacket,shopify_product_15427223650644
HERNO,Herno Ultralight Down Jacket,shopify_product_15498230399316
HERNO,Herno Ultralight Hooded Jacket,shopify_product_15383519854932
HERNO,Herno Ultralight Hooded Reversible Vest,shopify_product_15372247204180
HERNO,Herno Ultralight Reversible Down Coat,shopify_product_15385098453332
HERNO,Herno Ultralight Reversible Gilet,shopify_product_15369399402836
HERNO,Herno Waterproof Lightweight Jacket,shopify_product_15028299628884
HERNO,Herno Wide Pants,shopify_product_15028289077588
HERNO,Herno Wide Pants,shopify_product_15427267264852
HERNO,Herno Women's Crystal Logo Cotton T-Shirt &ndash; Short Sleeve,shopify_product_15383519920468
HERNO,Herno Women's Crystal-Embellished Logo Cotton T-Shirt,shopify_product_15383519953236
HERNO,Herno Women's Drawstring Elastic Waist Pants &ndash; Italian Made,shopify_product_15385098322260
HERNO,Herno Women's Elasticated Waist Trousers &ndash; Stretch Polyamide,shopify_product_15383995285844
HERNO,Herno Women's High-Neck Drawstring Zip Jacket &ndash; Made in Italy,shopify_product_15383995351380
HERNO,Herno Women's Hooded Waterproof Jacket with Drawstring,shopify_product_15385098518868
HERNO,Herno Women's Long Stretch Skirt with Drawstring Waist,shopify_product_15383519986004
HERNO,Herno Women's Technical Joggers &ndash; Italian Craftsmanship,shopify_product_15383995122004
HERNO,Herno Wool Pullover,shopify_product_15028289372500
HERNO,Herno Wool Pullover,shopify_product_15028290224468
HERNO,Herno Wool Pullover,shopify_product_15427243409748
HERNO,Herno Wool Pullover,shopify_product_15427243344212
HERNO,Herno Wool Trousers,shopify_product_15028289700180
HERNO,Herno Zipped Bomber Jacket,shopify_product_15370112565588
HERNO,Herno Zipped Sweatshirt,shopify_product_15431051411796
HERNO,Herno Zipped Sweatshirt,shopify_product_15505237016916
HERNO,Herno cashmere pullover,shopify_product_15028288422228
HERNO,Herno cashmere pullover,shopify_product_15018012410196
HERNO,Herno elasticated drawstring trousers,shopify_product_15028286882132
HERNO,Herno elasticated drawstring trousers,shopify_product_15427268706644
HERNO,Herno flared trousers,shopify_product_15028287308116
HERNO,Herno flared trousers,shopify_product_15427268444500
HERNO,Herno high-collar Asymmetric Poncho,shopify_product_15028322271572
HERNO,Herno high-collar Asymmetric Poncho,shopify_product_15018011132244
HERNO,Herno high-collar Asymmetric Poncho,shopify_product_15427246588244
HERNO,"Herno light blue quilted jacket, light blue",shopify_product_15029978595668
HERNO,Herno logo-detail hoodie,shopify_product_15028322632020
HERNO,Herno logo-detail hoodie,shopify_product_15028322730324
HERNO,Herno logo-detail hoodie,shopify_product_15018011427156
HERNO,Herno logo-detail hoodie,shopify_product_15431056458068
HERNO,"Herno long white quilted jacket, white",shopify_product_15022451654996
HERNO,Herno long-sleeve V-neck top,shopify_product_15028288160084
HERNO,Herno long-sleeve V-neck top,shopify_product_15028322533716
HERNO,Herno long-sleeve V-neck top,shopify_product_15018011361620
HERNO,Herno long-sleeve V-neck top,shopify_product_15436347539796
HERNO,Herno long-sleeve V-neck top,shopify_product_15436347769172
HERNO,Herno paclite bomber Goretex Laminar jacket,shopify_product_15369127625044
HERNO,Herno resort Casual Pants,shopify_product_15028287144276
HERNO,Herno resort Casual Pants,shopify_product_15018011689300
HERNO,Herno resort Casual Pants,shopify_product_15427267068244
HERNO,Herno tapered trousers,shopify_product_15028286980436
HERNO,Herno tapered trousers,shopify_product_15427262579028
HERNO,Herno ultralight Down Jacket,shopify_product_15369127952724
HERNO,Herno ultralight Down Jacket,shopify_product_15369127985492
HERNO,Herno ultralight Down Jacket,shopify_product_15369128018260
HERNO,Herno ultralight Down Jacket,shopify_product_15369128116564
HERNO,Herno ultralight Down Jacket,shopify_product_15427224142164
HERNO,Herno ultralight Down Jacket,shopify_product_15427225092436
HERNO,"Herno, cashmere and silk down jacket, light blue",shopify_product_12481129054548
HERNO,HernoCropped Sleeve Down Jacket,shopify_product_15402835444052
HERNO,HernoCropped Sleeve Down Jacket,shopify_product_15427224338772
Heron Preston,Heron Preston Camouflage Popline Shirt,shopify_product_15028302709076
Heron Preston,Heron Preston Camouflage Print T-shirt,shopify_product_15028302872916
Heron Preston,Heron Preston Camouflage T-shirt,shopify_product_15028303036756
Heron Preston,Heron Preston Camouflage Winkbreaker,shopify_product_15028303266132
Heron Preston,Heron Preston Cotton Denim Slim Jeans,shopify_product_15028303429972
Heron Preston,Heron Preston Cotton Shorts,shopify_product_15028303593812
Heron Preston,Heron Preston Cotton Shorts,shopify_product_15430923354452
Hinnominate,Hinnominate Cotton Shirt,shopify_product_12481101627732
Hinnominate,Hinnominate Cotton Shorts White,shopify_product_12481097826644
Hinnominate,Hinnominate Cotton Skirt Pink,shopify_product_15414510485844
Hinnominate,Hinnominate Cotton Sweatshirt,shopify_product_12481120239956
Hinnominate,Hinnominate Cotton Sweatshirt Black,shopify_product_12481117749588
Hinnominate,Hinnominate Cotton Sweatshirt Grey,shopify_product_12481107001684
Hinnominate,Hinnominate Cotton Trousers,shopify_product_12480737149268
Hinnominate,Hinnominate Cotton Trousers Green,shopify_product_15414508978516
Hinnominate,Hinnominate Denim Trousers Pink,shopify_product_15414509240660
Hinnominate,Hinnominate Ribbed Sweater Black,shopify_product_15414507307348
Hinnominate,Hinnominate Shorts Sky Blue,shopify_product_15414510846292
Hinnominate,Hinnominate Sweater Beige,shopify_product_15414511763796
Hinnominate,Hinnominate Sweater Brown,shopify_product_15414512091476
Hinnominate,Hinnominate Sweatshirt,shopify_product_12480739443028
Hinnominate,Hinnominate Sweatshirt Black,shopify_product_15414507045204
Hinnominate,Hinnominate T-Shirt,shopify_product_12480730792276
Hinnominate,Hinnominate Trousers,shopify_product_12480730661204
Hinnominate,Hinnominate Trousers Black,shopify_product_12481106510164
Hinnominate,Hinnominate Trousers Black,shopify_product_12481109295444
Hinnominate,Hinnominate Wool Sweater Grey,shopify_product_15414506750292
HERNO,Hooded Nylon Shorts Jacket,shopify_product_12481021477204
The North Face,Huila Synth Jacket Beetroot,shopify_product_12490045227348
Invicta,Invicta Jackets Black,shopify_product_15546011648340
Invicta,Invicta Jackets Blue,shopify_product_15546013581652
Invicta,Invicta Jackets Green,shopify_product_15546015678804
Invicta,Invicta Jackets Grey,shopify_product_15546009682260
Isabel Marant,Isabel Marant Etoile Isma Dress,shopify_product_15357461070164
Isabel Marant,Isabel Marant Etoile Isma Dress,shopify_product_15426449604948
Isabel Marant,Isabel Marant Florise Mini Dress,shopify_product_15357461135700
Loro Piana,Jacket Antipioggia Black,shopify_product_15355061469524
Dolce & Gabbana,Jacket Antipioggia Camouflage,shopify_product_15414439215444
ADD,Jacket Antivento,shopify_product_12480827851092
Dolce & Gabbana,Jacket Antivento,shopify_product_15471442166100
Dolce & Gabbana,Jacket Antivento,shopify_product_15471444132180
Dolce & Gabbana,Jacket Antivento Lunga,shopify_product_15471442100564
ARMA,Jacket Antivento Multicolor,shopify_product_15414516089172
Balmain,Jacket Asimmetrica Rever Velluto,shopify_product_15482583843156
Patrizia Pepe,Jacket Asparagus Green,shopify_product_12481005093204
Loro Piana,Jacket Black,shopify_product_12481301086548
PINKO,Jacket Blazer Esagerata,shopify_product_12550625395028
Dsquared2,Jacket Bomber Jacket Icon,shopify_product_12507027374420
Loro Piana,Jacket Bomber Jacket Summertime,shopify_product_15482590069076
Loro Piana,Jacket Bomber Jacket Summertime,shopify_product_15482590134612
Balmain,Jacket Checked,shopify_product_15482573357396
Dolce & Gabbana,Jacket Classica,shopify_product_15414437511508
Dolce & Gabbana,Jacket Classica Linen,shopify_product_15414436266324
Patrizia Pepe,Jacket Cold Pink,shopify_product_12481004732756
Patrizia Pepe,Jacket Cropped,shopify_product_12550539346260
Dolce & Gabbana,Jacket Cropped,shopify_product_15471446360404
Dolce & Gabbana,Jacket Double-Breasted,shopify_product_15414435381588
Dolce & Gabbana,Jacket Double-Breasted,shopify_product_15414436823380
CP Company,Jacket Double-Breasted Army,shopify_product_12481209205076
Dolce & Gabbana,Jacket Double-Breasted Black,shopify_product_15414439149908
Dolce & Gabbana,Jacket Double-Breasted Brown,shopify_product_15414440493396
Balmain,Jacket Double-Breasted Decorata,shopify_product_15482574405972
Balmain,Jacket Double-Breasted Fuchsia,shopify_product_15482578403668
HERNO,Jacket Double-Breasted Herno,shopify_product_15022452343124
HERNO,Jacket Double-Breasted Herno,shopify_product_15022449426772
Dolce & Gabbana,Jacket Double-Breasted Lino,shopify_product_15414431973716
Dolce & Gabbana,Jacket Double-Breasted Martini,shopify_product_15414437347668
Dolce & Gabbana,Jacket Double-Breasted Misto Lana,shopify_product_15414435086676
Dolce & Gabbana,Jacket Double-Breasted Sicilia,shopify_product_15414437544276
Dolce & Gabbana,Jacket Double-Breasted Sicilia,shopify_product_15414439084372
Loro Piana,Jacket Double-Breasted Softime,shopify_product_15355061436756
Loro Piana,Jacket Double-Breasted Softime,shopify_product_15482589905236
Balmain,Jacket Double-Breasted Stampa Pattern,shopify_product_15482584990036
Dolce & Gabbana,Jacket Double-Breasted Striped,shopify_product_15414436561236
Dolce & Gabbana,Jacket Double-Breasted Taormina,shopify_product_15414432956756
Dolce & Gabbana,Jacket Double-Breasted Taormina,shopify_product_15414434726228
Balmain,Jacket Double-Breasted White,shopify_product_15482573979988
Dolce & Gabbana,Jacket Double-Breasted in Jeans,shopify_product_15471440691540
Dolce & Gabbana,Jacket Double-Breasted with Imputure,shopify_product_15414437314900
Hinnominate,Jacket Down Jacket Nylon,shopify_product_12502808658260
Hinnominate,Jacket Down Jacket Nylon,shopify_product_12500084818260
Patrizia Pepe,Jacket Dreamlike Yellow,shopify_product_12481007780180
Patrizia Pepe,Jacket Eldorado White,shopify_product_12550625821012
PINKO,Jacket Elegante Red,shopify_product_12550595576148
Balmain,Jacket Elegante Rever Bianchi,shopify_product_15482584695124
ARMA,Jacket Full Zip Black,shopify_product_15414531916116
Patrizia Pepe,Jacket Golden Beige,shopify_product_12550570017108
Loro Piana,Jacket Grey,shopify_product_12481392705876
HERNO,Jacket Herno,shopify_product_15029979119956
Dolce & Gabbana,Jacket Imbottita,shopify_product_15471445147988
HERNO,Jacket Imbottita Beige,shopify_product_15022450082132
Dolce & Gabbana,Jacket Jeans Single-Breasted,shopify_product_15414435053908
Dolce & Gabbana,Jacket Jeans Single-Breasted,shopify_product_15414436462932
Dsquared2,Jacket Kid Dsq2,shopify_product_12481296728404
Dolce & Gabbana,Jacket Leather,shopify_product_15414441050452
Dolce & Gabbana,Jacket Leather,shopify_product_15423856410964
Dolce & Gabbana,Jacket Leather Agnello,shopify_product_15423841665364
Dolce & Gabbana,Jacket Leather Black,shopify_product_15423868272980
Dolce & Gabbana,Jacket Leather Sky Blue,shopify_product_15423859884372
Dolce & Gabbana,Jacket Leather Toro,shopify_product_15423842156884
Dolce & Gabbana,Jacket Leather with Cappuccio,shopify_product_15471445508436
HERNO,Jacket Lunga Herno,shopify_product_15022450606420
CP Company,Jacket Media Chrome,shopify_product_15414496264532
Patrizia Pepe,Jacket Metal Gold,shopify_product_12481008632148
People of Shibuya,Jacket Minami Black,shopify_product_12481238040916
People of Shibuya,Jacket Minami Sand,shopify_product_12481235648852
Patrizia Pepe,Jacket Mineral Grey,shopify_product_12550527320404
Patrizia Pepe,Jacket Neon,shopify_product_15414469132628
Dolce & Gabbana,Jacket Notte,shopify_product_15471441772884
CP Company,Jacket Overshirt Taylon,shopify_product_15414496362836
Balmain,Jacket Oversize Red,shopify_product_15482572505428
Dolce & Gabbana,Jacket Pattern Logo,shopify_product_15471441871188
Patrizia Pepe,Jacket Pepper Black & White,shopify_product_12550507364692
Dolce & Gabbana,Jacket Reversibile,shopify_product_15423861096788
Dolce & Gabbana,Jacket Reversibile Seta & Cashmere,shopify_product_15414439248212
Dolce & Gabbana,Jacket Scamosciata,shopify_product_15471445442900
Hinnominate,Jacket Shirt,shopify_product_15414510354772
Dolce & Gabbana,Jacket Single-Breasted,shopify_product_15414434562388
Dolce & Gabbana,Jacket Single-Breasted Blu,shopify_product_15414434857300
Dolce & Gabbana,Jacket Single-Breasted Blu,shopify_product_15414436888916
Balmain,Jacket Single-Breasted Blu,shopify_product_15482573685076
Dolce & Gabbana,Jacket Single-Breasted Blu Black,shopify_product_15414433415508
Dolce & Gabbana,Jacket Single-Breasted Brown,shopify_product_15414438003028
Dolce & Gabbana,Jacket Single-Breasted Cashmere,shopify_product_15414433612116
Balmain,Jacket Single-Breasted Decorata,shopify_product_15482574209364
Dolce & Gabbana,Jacket Single-Breasted Logata,shopify_product_15414431777108
Dolce & Gabbana,Jacket Single-Breasted Logata,shopify_product_15414436757844
Dolce & Gabbana,Jacket Single-Breasted Midnight Blue,shopify_product_15414435316052
Balmain,Jacket Single-Breasted Rever Lucidi,shopify_product_15482583613780
Dolce & Gabbana,Jacket Single-Breasted Sky Blue,shopify_product_15414440231252
Dolce & Gabbana,Jacket Single-Breasted White,shopify_product_15414437740884
Dolce & Gabbana,Jacket Single-Breasted X Martini,shopify_product_15414433218900
Dolce & Gabbana,Jacket Single-Breasted with Logo,shopify_product_15414433513812
Dolce & Gabbana,Jacket Sleeveless Leather,shopify_product_15423841861972
Loro Piana,Jacket Summertime Lino,shopify_product_15482676773204
People of Shibuya,Jacket Tokuma Black,shopify_product_12481467646292
People of Shibuya,Jacket Tokuma Blu,shopify_product_12481468498260
People of Shibuya,Jacket Tokuma Green,shopify_product_12481238434132
HERNO,Jacket Trapuntata Blu,shopify_product_15029978726740
CP Company,Jacket Traspirante,shopify_product_15414496624980
CP Company,Jacket Traspirante,shopify_product_15414496690516
CP Company,Jacket Traspirante,shopify_product_15414497182036
Patrizia Pepe,Jacket Trench,shopify_product_12481003487572
HERNO,Jacket White,shopify_product_15022452179284
Dolce & Gabbana,Jacket Wool,shopify_product_15471443902804
HERNO,Jacket a Knitwear Blu,shopify_product_15029979021652
Dolce & Gabbana,Jacket a Quadretti,shopify_product_15471446098260
Dolce & Gabbana,Jacket in Agnello,shopify_product_15471445803348
Dolce & Gabbana,Jacket in Denim,shopify_product_15414448521556
Dolce & Gabbana,Jacket in Denim,shopify_product_15423853101396
Dolce & Gabbana,Jacket in Lace,shopify_product_15414448718164
ARMA,Jacket in Nylon with Cappuccio,shopify_product_15414523363668
Dolce & Gabbana,Jacket with Belt,shopify_product_15414456189268
CP Company,Jacket with Cappuccio,shopify_product_15414496297300
Elisabetta Franchi,Jacket with Spilla,shopify_product_15482598359380
Dolce & Gabbana,Jacket with Sweatshirt,shopify_product_15471443312980
Jacob Cohen,Jacob Cohen Cotton Jeans Denim Blue,shopify_product_12481323434324
Jacob Cohen,Jacob Cohen Cotton Jeans Denim Blue,shopify_product_12481444774228
Jacob Cohen,Jacob Cohen Cotton Jeans Denim Blue,shopify_product_12481444610388
Jacob Cohen,Jacob Cohen Denim Jeans Denim Blue,shopify_product_12481323172180
Jacob Cohen,Jacob Cohen Icio Tapered Straight Jeans in Dark Blue,shopify_product_15546269040980
Jacob Cohen,Jacob Cohen Leather Jeans Denim Blue,shopify_product_12481176240468
Jacob Cohen,Jacob Cohen Leather Jeans Denim Blue,shopify_product_12481322811732
Jacob Cohen,Jacob Cohen Leather Jeans Denim Blue,shopify_product_12481505034580
Jacob Cohen,Jacob Cohen Leather Jeans Denim Blue,shopify_product_12481506640212
Jacob Cohen,Jacob Cohen Slim Fit White Nick Jeans,shopify_product_15546266845524
Jacob Cohen,Jacob Cohen Sweatshirt,shopify_product_15482931085652
Jacob Cohen,Jacob Cohen Trousers Mustard,shopify_product_15546269729108
Jacquemus,Jacquemus 'Le Short Gelati' Shorts,shopify_product_15028322304340
Jacquemus,Jacquemus Bambino Shoulder bag in white crocodile print,shopify_product_15038939857236
Jacquemus,Jacquemus Curzio Flared Pants,shopify_product_15357457891668
Jacquemus,Jacquemus La Croisi&egrave;re Patent Leather Metal Flap Bag &ndash; Women,shopify_product_15383520149844
Jacquemus,Jacquemus Le Bambimou Denim Bag,shopify_product_15028310049108
Jacquemus,Jacquemus Le Bambimou Denim Bag,shopify_product_15018009428308
Jacquemus,Jacquemus Le Bambino Bag,shopify_product_15028290290004
Jacquemus,Jacquemus Le Bambino Bag,shopify_product_15028314702164
Jacquemus,Jacquemus Le Bambino Bag,shopify_product_15365179900244
Jacquemus,Jacquemus Le Bambino Bag,shopify_product_15018003300692
Jacquemus,Jacquemus Le Bambino Long Bag,shopify_product_15028310245716
Jacquemus,Jacquemus Le Bambino Long Bag,shopify_product_15028310442324
Jacquemus,Jacquemus Le Bambino Long Bag,shopify_product_15018009592148
Jacquemus,Jacquemus Le Caban Caruso Draped-collar Jacket,shopify_product_15048336671060
Jacquemus,"Jacquemus Le Chiquito Crossbody Bag, black",shopify_product_12480970162516
Jacquemus,Jacquemus Le Chiquito Homme Bag,shopify_product_15028310606164
Jacquemus,Jacquemus Le Chiquito Homme Bag,shopify_product_15028310770004
Jacquemus,Jacquemus Le Chiquito Homme Bag,shopify_product_15018009821524
Jacquemus,Jacquemus Le Chiquito Long Bag,shopify_product_15028307034452
Jacquemus,Jacquemus Le Chiquito Long Croc Leather Bag,shopify_product_15044023845204
Jacquemus,Jacquemus Le Grand Bambino Bag,shopify_product_15028310933844
Jacquemus,Jacquemus Le Grand Bambino Bag,shopify_product_15028311097684
Jacquemus,Jacquemus Le Grand Bambino Bag,shopify_product_15028311261524
Jacquemus,Jacquemus Le Grand Bambino Bag,shopify_product_15028311425364
Jacquemus,Jacquemus Le Grand Bambino Bag,shopify_product_15028311621972
Jacquemus,Jacquemus Le Grand Bambino Bag,shopify_product_15028311785812
Jacquemus,Jacquemus Le Grand Bambino Bag,shopify_product_15028311949652
Jacquemus,Jacquemus Le Grand Bambino Bag,shopify_product_15028312113492
Jacquemus,Jacquemus Le Grand Bambino Bag,shopify_product_15028314898772
Jacquemus,Jacquemus Le Grand Bambino Bag,shopify_product_15028323320148
Jacquemus,Jacquemus Le Grand Bambino Bag,shopify_product_15034334839124
Jacquemus,Jacquemus Le Grand Bambino Bag,shopify_product_15044024074580
Jacquemus,Jacquemus Le Grand Bambino Bag,shopify_product_15046430196052
Jacquemus,Jacquemus Le Grand Bambino Bag,shopify_product_15048336310612
Jacquemus,Jacquemus Le Grand Bambino Bag,shopify_product_15369127330132
Jacquemus,Jacquemus Le Grand Bambino Bag,shopify_product_15018003956052
Jacquemus,Jacquemus Le Grand Bambino Bag - Gold Logo,shopify_product_15028312310100
Jacquemus,"Jacquemus Le Grand Bambino Black Cross Body Ba, Gold Logo",shopify_product_15032298209620
Jacquemus,"Jacquemus Le Grand Bambino Crossbody Bag, blue",shopify_product_15038947164500
Jacquemus,"Jacquemus Le Grand Bambino Crossbody Bag, dark-khaki",shopify_product_15038947787092
Jacquemus,"Jacquemus Le Grand Bambino Crossbody Bag, khaki",shopify_product_15038947033428
Jacquemus,Jacquemus Le Grand Bambino Long Bag,shopify_product_15028306805076
Jacquemus,Jacquemus Le Grand Bambino Long Bag,shopify_product_15018009002324
Jacquemus,Jacquemus Le Grand Bambino Raffia Bag,shopify_product_15028312473940
Jacquemus,Jacquemus Le Grand Bambino Shoulder Bag,shopify_product_15028299792724
Jacquemus,Jacquemus Le Grand Bambino Shoulder Bag,shopify_product_15028303167828
Jacquemus,Jacquemus Le Grand Bambino Shoulder Bag,shopify_product_15028304511316
Jacquemus,Jacquemus Le Grand Bambino Shoulder Bag,shopify_product_15028304642388
Jacquemus,Jacquemus Le Grand Bambino Shoulder Bag,shopify_product_15028304806228
Jacquemus,Jacquemus Le Grand Bambino Shoulder Bag,shopify_product_15028313653588
Jacquemus,Jacquemus Le Grand Bambino Shoulder Bag,shopify_product_15018007494996
Jacquemus,Jacquemus Le Grand Bambino Shoulder Bag,shopify_product_15026006262100
Jacquemus,"Jacquemus Le Grand Bambino long Crossbody Bag, white",shopify_product_12480976912724
Jacquemus,Jacquemus Le Petit Bambimou Bag,shopify_product_15028312637780
Jacquemus,Jacquemus Le Petit Bambimou Bag,shopify_product_15028312768852
Jacquemus,Jacquemus Le Petit Bambimou Bag,shopify_product_15020014109012
Jacquemus,Jacquemus Le Petit Bambimou Bag,shopify_product_15026019172692
Jacquemus,Jacquemus Le Petit Bambimou Raffia Bag,shopify_product_15028312932692
Jacquemus,Jacquemus Le Petit Bambinou Paffed Bag,shopify_product_15637992374612
Jacquemus,Jacquemus Le medium Chiquito Bag,shopify_product_15028313129300
Jacquemus,Jacquemus Le medium Chiquito Bag,shopify_product_15028313227604
Jacquemus,Jacquemus Leather Crossbody Bag White,shopify_product_12481445232980
Jacquemus,Jacquemus Suede Shoulder Bag Rust,shopify_product_15038939464020
Jacquemus,Jacquemus The Salon Long Clutch Bag,shopify_product_15028302905684
Jacquemus,"Jacquemus le bambino long shoulder bag, brown",shopify_product_12550596067668
Bottega Veneta,Japanese Jersey Sweatshirt Yellow Chairo Bottega Veneta,shopify_product_15394833203540
Balmain,Jeans Black and White Tie-dye,shopify_product_15471432630612
R13,Jeans Blu,shopify_product_15414505079124
Balmain,Jeans High-waist Regular Blu,shopify_product_15482580238676
Patrizia Pepe,Jeans Mineral Grey,shopify_product_12550532825428
Patrizia Pepe,Jeans Neri,shopify_product_12550547210580
Patrizia Pepe,Jeans Regular Jegging,shopify_product_12550555402580
Balmain,Jeans Regular Light Blue,shopify_product_12481122369876
Dolce & Gabbana,Jeans Regular Marroni,shopify_product_15423845826900
Dolce & Gabbana,Jeans Skinny Black,shopify_product_15423846646100
Balmain,Jeans Skinny Blu,shopify_product_15482579845460
Balmain,Jeans Slim Fit Bianchi,shopify_product_15471432368468
Dolce & Gabbana,Jeans Slim Fit Black,shopify_product_15423860670804
Balmain,Jeans Slim Fit Grigi,shopify_product_15471432139092
Dolce & Gabbana,Jeans Strappati Blu,shopify_product_15423847629140
Dolce & Gabbana,Jeans Strappati Blu,shopify_product_15423850840404
Dolce & Gabbana,Jeans Strappati Neri,shopify_product_15423850185044
Dolce & Gabbana,Jeans Strappati Regular,shopify_product_15423849660756
Dolce & Gabbana,Jeans White,shopify_product_15414441541972
Jil Sander,Jil Sander 3-Pack Long-Sleeved T-Shirt Set,shopify_product_15357460283732
Jil Sander,Jil Sander Alpaca Sweater,shopify_product_15357455565140
Jil Sander,Jil Sander Black Silk Tie 7cm,shopify_product_15546284474708
Jil Sander,Jil Sander Black Silk Tie with Micro Print 7cm,shopify_product_15546286047572
Jil Sander,Jil Sander Blend Silk Blouse,shopify_product_15058869584212
Jil Sander,Jil Sander Blend Silk Zip-Up Hooded Jacket,shopify_product_15056213246292
Jil Sander,Jil Sander Bomber Jacket,shopify_product_15056213344596
Jil Sander,Jil Sander Boxy Fit Striped Short Sleeve Shirt,shopify_product_15394834088276
Jil Sander,Jil Sander Cotton Hooded Sweatshirt,shopify_product_15357458645332
Jil Sander,Jil Sander Cotton Shirt,shopify_product_15058869518676
Jil Sander,Jil Sander Cotton Shirt,shopify_product_15357456548180
Jil Sander,Jil Sander Denim Jeans,shopify_product_15357460578644
Jil Sander,Jil Sander Denim Shorts,shopify_product_15028307558740
Jil Sander,Jil Sander Grey Print Silk 7cm Tie,shopify_product_15546286997844
Jil Sander,Jil Sander Hooded Jacket,shopify_product_15056213377364
Jil Sander,Jil Sander Jacquard 7cm Tie,shopify_product_15546280444244
Jil Sander,Jil Sander Logo Fitted Jumper,shopify_product_15357455630676
Jil Sander,Jil Sander Logo Nappa Wallet,shopify_product_15028294386004
Jil Sander,Jil Sander Long Sleeved t-Shirt,shopify_product_15357459693908
Jil Sander,Jil Sander Long Sleeved t-Shirt,shopify_product_15436350652756
Jil Sander,Jil Sander Long Sweater,shopify_product_15357455827284
Jil Sander,Jil Sander Maxi Sole Leather Sneakers,shopify_product_15028307689812
Jil Sander,Jil Sander Mohair Cardigan,shopify_product_15357455532372
Jil Sander,Jil Sander Pack Of 3 Long Sleeved T-shirt,shopify_product_15357460349268
Jil Sander,Jil Sander Pack Of 3 Long Sleeved T-shirt,shopify_product_15436363792724
Jil Sander,Jil Sander Regular-Fit Denim Trousers,shopify_product_15357460644180
Jil Sander,Jil Sander Shorts,shopify_product_15028307853652
Jil Sander,Jil Sander Striped Wool Compact Jersey T-Shirt,shopify_product_15357460414804
Jil Sander,Jil Sander T-Shirts Black,shopify_product_15394833432916
Jil Sander,Jil Sander T-Shirts Blue,shopify_product_15394833563988
Jil Sander,Jil Sander Tank Tops White,shopify_product_15394833924436
Jil Sander,Jil Sander Ties Black,shopify_product_15546279428436
Jil Sander,Jil Sander Ties Blue,shopify_product_15546284933460
Jil Sander,Jil Sander Ties Blue,shopify_product_15546279854420
Jil Sander,Jil Sander Ties Grey,shopify_product_15546278838612
Jil Sander,Jil Sander Ties Grey,shopify_product_15546288537940
Jil Sander,Jil Sander Ties Grey,shopify_product_15546287784276
Jil Sander,Jil Sander Ties Grey,shopify_product_15546285293908
Jil Sander,Jil Sander Wool And Silk Sweater,shopify_product_15357455761748
Jil Sander,Jil Sander Wool Classic Pants,shopify_product_15357457957204
Jil Sander,Jil Sander Wool Kaban Coat,shopify_product_15048336507220
Jimmy Choo,Jimmy Choo Cash Star Leather Sneakers,shopify_product_15028307951956
Jimmy Choo,Jimmy Choo Diamond JC Monogram Glitter Leather Sneakers,shopify_product_15028308083028
Jimmy Choo,Jimmy Choo Diamond Tilda Loafers,shopify_product_15028308246868
Jimmy Choo,Jimmy Choo Palmo Leather Sandals,shopify_product_15028308410708
Jimmy Choo,Jimmy Choo Platform Sandals,shopify_product_12398476624212
Kiton,KNT Kiton Hooded Sweatshirt,shopify_product_15028309492052
Kangra,Kangra Jackets Blue,shopify_product_15545806651732
Kangra,Kangra Sweaters Brown,shopify_product_15545802260820
Kangra,Kangra Sweaters Brown,shopify_product_15545803342164
People of Shibuya,Kannon Trousers Blu,shopify_product_12481233781076
Don The Fuller,Kansas Uomo,shopify_product_12480765067604
Don The Fuller,Kansas Uomo,shopify_product_12480765788500
People of Shibuya,Kaoru Jacket Blu,shopify_product_12481248395604
Kenzo,Kenzo Cotton Bermuda Shorts,shopify_product_15028308640084
Kenzo,Kenzo Cotton Logo Sweatshirt,shopify_product_15355085816148
Kenzo,Kenzo Cotton Logo Sweatshirt,shopify_product_15431063437652
Kenzo,Kenzo Cotton Printed Sweater,shopify_product_15028308803924
Kenzo,Kenzo Cotton Printed Sweater,shopify_product_15427248619860
Kenzo,Kenzo Cotton Pullover,shopify_product_15028308967764
Kenzo,Kenzo Cotton Shorts,shopify_product_15028309098836
Kenzo,Kenzo Cotton Shorts,shopify_product_15430936822100
Kenzo,Kenzo Flame Print Reversible Jacket,shopify_product_15056213508436
Kenzo,Kenzo Patchwork Cotton Shirt,shopify_product_15028309229908
Kenzo,Kenzo Patchwork Cotton Shirt,shopify_product_15430838976852
Kenzo,Kenzo Patchwork Short Sleeves Shirt,shopify_product_15028309393748
Kenzo,Kenzo Patchwork Short Sleeves Shirt,shopify_product_15430840156500
Kenzo,Kenzo Snakeskin Printed Jacket,shopify_product_15056213410132
Kenzo,Kenzo Snakeskin Printed Jacket,shopify_product_15427226534228
Kenzo,Kenzo T-Shirts Black,shopify_product_15545780273492
Kenzo,Kenzo T-Shirts Blue,shopify_product_15545779683668
Kenzo,Kenzo T-Shirts Multicolor,shopify_product_15545778798932
Kenzo,Kenzo T-Shirts Multicolor,shopify_product_15545777783124
Kenzo,Kenzo T-Shirts White,shopify_product_15545781223764
Kenzo,Kenzo Tie Dye Tiger Sweater,shopify_product_15357455860052
Kenzo,Kenzo Tie Dye Tiger Sweater,shopify_product_15427248783700
Loro Piana,Knit Shirt,shopify_product_12481135083860
Elisabetta Franchi,Knitwear Cardigan Double-Breasted,shopify_product_15482598457684
Dolce & Gabbana,Knitwear Cotton,shopify_product_15414429974868
Dolce & Gabbana,Knitwear Cotton,shopify_product_15414430269780
Patrizia Pepe,Knitwear Giam Red,shopify_product_15414479552852
Patrizia Pepe,Knitwear Grey Melange,shopify_product_12550540230996
Patrizia Pepe,Knitwear Grey Melange,shopify_product_12550539772244
People of Shibuya,Knitwear Hidoi Blu,shopify_product_12481232273748
PINKO,Knitwear Lentisco Pinko,shopify_product_15035406549332
Dolce & Gabbana,Knitwear Lino Scollo V,shopify_product_15423860212052
Patrizia Pepe,Knitwear Pink Scollo V,shopify_product_12550566674772
Dolce & Gabbana,Knitwear Silk,shopify_product_15414430138708
Dolce & Gabbana,Knitwear Sleeveless Natura,shopify_product_15414467756372
The Attico,Knitwear Top,shopify_product_12550512509268
Patrizia Pepe,Knitwear Top Purple Glitter,shopify_product_12502807871828
Patrizia Pepe,Knitwear Turtleneck Relaxed Fit,shopify_product_12481004274004
The Attico,Knitwear Wool,shopify_product_12550520308052
Balmain,Knitwear a Crewneck,shopify_product_15482573488468
Dolce & Gabbana,Knitwear a Long Sleeve,shopify_product_15414440853844
Dolce & Gabbana,Knitwear a Strisce,shopify_product_15414431940948
Dolce & Gabbana,Knitwear with Scollo V,shopify_product_15414431416660
Dolce & Gabbana,Knitwear with Tasche Interne,shopify_product_15471445279060
CP Company,Knitwear with Taschino,shopify_product_15414496854356
CP Company,Knitwear with Taschino,shopify_product_15414496985428
La Martina,La Martina Polo,shopify_product_12481462763860
Laneus,Laneus C&ocirc;te d'Azur Cotton Shorts,shopify_product_15028309623124
Laneus,Laneus C&ocirc;te d'Azur Cotton Shorts,shopify_product_15430903169364
Lanvin,Lanvin Batman Hooded Sweatshirt,shopify_product_15355085848916
Lanvin,Lanvin Clay High-Top Sneakers,shopify_product_15028309786964
Lanvin,Lanvin Column Monogram Shorts,shopify_product_15028309950804
Lanvin,Lanvin Cotton Lace-Up Sneakers,shopify_product_15028310081876
Lanvin,Lanvin Curb Sneakers,shopify_product_15028310344020
Lanvin,Lanvin Flash-X Sneakers,shopify_product_15028310507860
Lanvin,Lanvin Flash-X Sneakers,shopify_product_15028310638932
Lanvin,Lanvin Leather Ballerina Flats,shopify_product_15028310835540
Lanvin,Lanvin Leather Boots,shopify_product_15028310966612
Lanvin,Lanvin Logo Hooded Windbreaker,shopify_product_15056213541204
Lanvin,Lanvin Oversized Logo Hoodie Sweatshirt,shopify_product_15357458809172
Lanvin,Lanvin Printed Hooded Sweatshirt,shopify_product_15357458743636
Lanvin,Lanvin Wool Blazer,shopify_product_15056213442900
Lanvin,Lanvin Wool Hat,shopify_product_15028311327060
Lanvin,Lanvin Wool Hat,shopify_product_15028311490900
Lanvin,Lanvin Wool Hat,shopify_product_15028311589204
Lanvin,Lanvin Wool Hat,shopify_product_15018009952596
Lanvin,Lanvin Wool Hat,shopify_product_15414502490452
Lanvin,Lanvin Wool Hat,shopify_product_15414502555988
Lanvin,Lanvin Wool Hat,shopify_product_15414502621524
Lanvin,Lanvin Wool Scarf,shopify_product_15414502719828
Lanvin,Lanvin Wool Scarf,shopify_product_15414502916436
Lanvin,Lanvin Wool Scarf,shopify_product_15414503047508
Lanvin,Lanvin Wool Scarf,shopify_product_15414503178580
Lanvin,"Lanvin pouch wallet, yellow",shopify_product_12481205109076
Lardini,Lardini Black Trousers,shopify_product_15545733415252
Lardini,Lardini Denim Effect Shirt,shopify_product_15545784566100
Lardini,Lardini Evening Dresses Black,shopify_product_15545752682836
Lardini,Lardini Evening Dresses Black,shopify_product_15545750094164
Lardini,Lardini Jackets Pink,shopify_product_15545723650388
Lardini,Lardini Linen-Blend Pants,shopify_product_15545735184724
Lardini,Lardini Polka Dot Trench Jacket,shopify_product_15545725976916
Lardini,Lardini Skirts Grey,shopify_product_15545730793812
Lardini,Lardini Skirts Yellow,shopify_product_15545731973460
Lardini,Lardini T-Shirts Grey,shopify_product_15545783419220
Lardini,Lardini Trousers Brown,shopify_product_15545741312340
Lardini,Lardini Trousers Gold,shopify_product_15545736495444
Lardini,Lardini Trousers Grey,shopify_product_15545739936084
Lardini,Lardini Trousers Midnight Blue,shopify_product_15545728991572
Lardini,Lardini Trousers Pink,shopify_product_15545742819668
Lardini,Lardini Trousers Pink,shopify_product_15545728434516
Lardini,Lardini Trousers Pink,shopify_product_15545737740628
Lardini,Lardini Trousers Purple,shopify_product_15545738723668
Jacquemus,Le Grand Bambino,shopify_product_12550586859860
Jacquemus,Le Grand Bambino,shopify_product_15038948409684
Jacquemus,Le Grand Bambino,shopify_product_15048442970452
Jacquemus,Le Grand Bambino Long,shopify_product_12480977371476
Hinnominate,Leggings Fitness Black,shopify_product_12481098875220
ARMA,Leggings Lycra Lilac,shopify_product_15414531850580
ARMA,Leggings Lycra Mint,shopify_product_15414531785044
Hinnominate,Leggings Pink,shopify_product_15414513205588
Dolce & Gabbana,Leggings with Elastici,shopify_product_15414468280660
Lemaire,Lemaire 'Military' Wool Jacket,shopify_product_15056213311828
Lemaire,Lemaire Knit Cotton Cardigan,shopify_product_15028312244564
Lemaire,Lemaire Long Sleeve Silk T-shirt,shopify_product_15482601275732
Les Hommes,Les Hommes Hooded Sweatshirt,shopify_product_15028312375636
The North Face,Lfs Insulated Shell Muted Pine,shopify_product_12490045161812
Gran Sasso,Light Blue Cashmere and Silk Crewneck Sweater Gran Sasso,shopify_product_15546308460884
Gucci,Light Blue Cotton Poplin Kimono Shirt with Gucci Flower Print.,shopify_product_15546250723668
CP Company,Light Microweave Laminated Jacket,shopify_product_15414496330068
MC2 Saint Barth,Lighting 70 Foret 9117,shopify_product_15414447800660
MC2 Saint Barth,Lighting 70 Indian Nature,shopify_product_15423867617620
MC2 Saint Barth,Lighting Indie Vibe 6194,shopify_product_15414444523860
MC2 Saint Barth,Lighting Paisley Draw 61,shopify_product_15423867322708
MC2 Saint Barth,Lighting Stripes Pl Lig57,shopify_product_15414447505748
MC2 Saint Barth,Lighting Submarine Palmera,shopify_product_15414444622164
Don The Fuller,Lione,shopify_product_12480728236372
Tod's,Loafer with laces City Gommino Tod's,shopify_product_15546087997780
Loewe,Loewe 'Slipper Toy' Leather Loafers,shopify_product_15028312506708
Loewe,Loewe 'Toy' Sneakskin Pumps,shopify_product_15028312670548
Loewe,Loewe Asymmetric Cashmere Cardigan,shopify_product_15357455892820
Loewe,Loewe Blend Wool Jacket,shopify_product_15056213573972
Loewe,Loewe Bustier Velvet Dress,shopify_product_15357461266772
Loewe,Loewe Bustier Velvet Dress,shopify_product_15487806767444
Loewe,Loewe Bustier Velvet Dress,shopify_product_15489320517972
Loewe,Loewe Bustier Velvet Dress,shopify_product_15532584370516
Loewe,Loewe Bustier Velvet Dress,shopify_product_15533441745236
Loewe,Loewe Bustier Velvet Dress,shopify_product_15534513029460
Loewe,Loewe Bustier Velvet Dress,shopify_product_15534864859476
Loewe,Loewe Bustier Velvet Dress,shopify_product_15535216558420
Loewe,Loewe Bustier Velvet Dress,shopify_product_15538365071700
Loewe,Loewe Bustier Velvet Dress,shopify_product_15532235784532
Loewe,Loewe Bustier Velvet Dress,shopify_product_15545170428244
Loewe,Loewe Bustier Velvet Dress,shopify_product_15545432375636
Loewe,Loewe Bustier Velvet Dress,shopify_product_15546253181268
Loewe,Loewe Bustier Velvet Dress,shopify_product_15546754138452
Loewe,Loewe Bustier Velvet Dress,shopify_product_15547402682708
Loewe,Loewe Bustier Velvet Dress,shopify_product_15552350552404
Loewe,Loewe Bustier Velvet Dress,shopify_product_15553556971860
Loewe,Loewe Bustier Velvet Dress,shopify_product_15547778105684
Loewe,Loewe Bustier Velvet Dress,shopify_product_15551982403924
Loewe,Loewe Campo Biker Boots,shopify_product_15028312834388
Loewe,Loewe Cotton And Silk Pants,shopify_product_15357458153812
Loewe,Loewe Cotton Jacket Shirt,shopify_product_15056213639508
Loewe,Loewe Cotton Long Sleeves T-Shirt,shopify_product_15058869387604
Loewe,Loewe Deconstructed Sneakers,shopify_product_15028312998228
Loewe,Loewe Denim Chain Shirt Dress,shopify_product_15355086045524
Loewe,Loewe Double Layer Shirt Dress,shopify_product_15058869223764
Loewe,Loewe Fisherman Denim Jeans,shopify_product_15355086143828
Loewe,Loewe Knit-Print Long Dress,shopify_product_15058869256532
Loewe,Loewe Leather Fisherman Hat,shopify_product_15028294549844
Loewe,Loewe Petal Monstera Leather Sandals,shopify_product_15028313325908
Loewe,Loewe Puzzle Fold Jacket,shopify_product_15056213672276
Loewe,Loewe Silk Blend Striped Shirt,shopify_product_15357459759444
Loewe,Loewe Silk Shirt,shopify_product_15058869289300
Loewe,Loewe Silk Shirt,shopify_product_15058869322068
Loewe,Loewe Striped Cotton Shirt,shopify_product_15058869354836
Loewe,Loewe Toy Panta 45MM Leather Sandals,shopify_product_15028313424212
Loewe,Loewe Toy Strass Ballerina Flats,shopify_product_15028313719124
Loewe,Loewe Wool Trousers,shopify_product_15357458055508
Loewe,Loewe x Suna Fujita Striped Sweater,shopify_product_15357455925588
ADD,Long Bomber Jacket Down Padding,shopify_product_12480830701908
Lardini,Long Dress Polished Velvet Straps,shopify_product_15545757172052
Lardini,Long Dress with Applications,shopify_product_15545746751828
Lardini,Long Dress with Straps,shopify_product_15545744818516
Lardini,Long Dress with V-neck,shopify_product_15545747931476
Lardini,Long Tulle Dress with Petticoat,shopify_product_15545749012820
Loro Piana,Loro Piana Cotton Shirt Blue,shopify_product_12481122533716
Loro Piana,Loro Piana Man Light Polo in Blue Wool,shopify_product_15537256169812
Loro Piana,Loro Piana Tessuto Men's T-shirt Black,shopify_product_12543847629140
Loro Piana,Loro Piana Wool Polo Shirt Black,shopify_product_12494828142932
Loro Piana,Loro Piana Wool Polo Shirt Brown,shopify_product_12550585155924
Love Moschino,Love Moschino Coat Blue,shopify_product_12480752582996
Love Moschino,Love Moschino Coat Blue,shopify_product_12480761233748
Love Moschino,Love Moschino Down Jacket Black,shopify_product_12480711688532
Love Moschino,Love Moschino Dress,shopify_product_12480775684436
Love Moschino,Love Moschino Dress,shopify_product_12480784400724
Love Moschino,Love Moschino Dress,shopify_product_12480701825364
Love Moschino,Love Moschino Dress Blue Woman,shopify_product_12393481699668
Love Moschino,Love Moschino Jacket Black,shopify_product_12480718045524
Love Moschino,Love Moschino Jacket Blue,shopify_product_12480760906068
Fear of God,Low-top Sneaker in Beige Suede Fear of God,shopify_product_15394820391252
Dolce & Gabbana,Lucky Chance Logo Distressed Denim,shopify_product_15423860900180
MC2 Saint Barth,MC2 Saint Barth Linen Shirt Blue,shopify_product_12480832143700
MC2 Saint Barth,MC2 Saint Barth Linen Shirt Green,shopify_product_12480831816020
MC2 Saint Barth,MC2 Saint Barth Linen Shirt White,shopify_product_12480831488340
MC2 Saint Barth,MC2 Saint Barth Polyester Swim Shorts Black,shopify_product_15414441214292
MC2 Saint Barth,MC2 Saint Barth Polyester Swim Shorts Blue,shopify_product_15414444917076
MC2 Saint Barth,MC2 Saint Barth Polyester Swim Shorts Blue,shopify_product_15414444786004
MC2 Saint Barth,MC2 Saint Barth Polyester Swim Shorts Green,shopify_product_15414447341908
MC2 Saint Barth,MC2 Saint Barth Polyester Swim Shorts Green,shopify_product_15414448619860
MC2 Saint Barth,MC2 Saint Barth Polyester Swim Shorts Multicolour,shopify_product_15414447833428
MC2 Saint Barth,MC2 Saint Barth Polyester Swim Shorts Multicolour,shopify_product_15414445048148
MC2 Saint Barth,MC2 Saint Barth Polyester Swim Shorts Sky Blue,shopify_product_15414447636820
MC2 Saint Barth,MC2 Saint Barth Polyester Swim Shorts White,shopify_product_15414441148756
MC2 Saint Barth,MC2 Saint Barth Polyester Swim Shorts Yellow,shopify_product_15414443835732
Missoni,MISSONI Wool Hat,shopify_product_15028290388308
Missoni,MISSONI Wool Hat,shopify_product_15028316176724
Missoni,MISSONI Wool Hat,shopify_product_15028316340564
Missoni,MISSONI Wool Hat,shopify_product_15028316504404
Missoni,MISSONI Wool Hat,shopify_product_15028316668244
Missoni,MISSONI Wool Hat,shopify_product_15028316897620
Missoni,MISSONI Wool Hat,shopify_product_15028317028692
Missoni,MISSONI Wool Hat,shopify_product_15028317192532
Missoni,MISSONI Wool Hat,shopify_product_15028317356372
Missoni,MISSONI Wool Hat,shopify_product_15028317487444
Missoni,MISSONI Wool Hat,shopify_product_15028317684052
Missoni,MISSONI Wool Hat,shopify_product_15028317847892
Missoni,MISSONI Wool Hat,shopify_product_15028318011732
Missoni,MISSONI Wool Hat,shopify_product_15028318339412
Missoni,MISSONI Wool Hat,shopify_product_15028318503252
Missoni,MISSONI Wool Hat,shopify_product_15028318699860
Missoni,MISSONI Wool Hat,shopify_product_15028318863700
Missoni,MISSONI Wool Hat,shopify_product_15028318994772
Missoni,MISSONI Wool Hat,shopify_product_15026009342292
Missoni,MISSONI Wool Hat,shopify_product_15481553912148
MM6 Maison Margiela,MM6 Maison Margiela Logo Engaved Large Bracelet,shopify_product_15028294713684
Mach & Mach pre,Mach & Mach Double Bow Satin Pumps,shopify_product_15062270116180
Mach & Mach pre,Mach & Mach PVC Double Bow Platform S,shopify_product_15545986351444
Dolce & Gabbana,Maglioncino Wool,shopify_product_15414430433620
Maison Margiela,Maison Margiela Blend Linen Bermuda Shorts,shopify_product_15028318110036
Maison Margiela,Maison Margiela Cotton Bag Black,shopify_product_12480822706516
Maison Margiela,Maison Margiela Cotton Coat,shopify_product_15048337228116
Maison Margiela,Maison Margiela Cotton Denim Trousers,shopify_product_15357456777556
Maison Margiela,Maison Margiela Cotton Denim Trousers,shopify_product_15427255042388
Maison Margiela,Maison Margiela Cotton Hooded Sweatshirt,shopify_product_15028318241108
Maison Margiela,Maison Margiela Cotton Jumpsuit,shopify_product_15355086111060
Maison Margiela,Maison Margiela Cotton Logo T-Shirt,shopify_product_15357460087124
Maison Margiela,Maison Margiela Cotton Logo T-Shirt,shopify_product_15358888542548
Maison Margiela,Maison Margiela Cotton Oversize Sweatshirt,shopify_product_15357457924436
Maison Margiela,Maison Margiela Cotton Shirt,shopify_product_15058869485908
Maison Margiela,Maison Margiela Cotton Sweatshirt,shopify_product_15028318372180
Maison Margiela,Maison Margiela Deconstructed Belted Trench Coat,shopify_product_15018308600148
Maison Margiela,Maison Margiela Deconstructed Belted Trench Coat,shopify_product_15048337293652
Maison Margiela,Maison Margiela Faux Fur Trimmed Leather Cape Jacket,shopify_product_15028318536020
Maison Margiela,Maison Margiela Faux Fur Trimmed Leather Cape Jacket,shopify_product_15018013065556
Maison Margiela,Maison Margiela Faux Fur Trimmed Leather Cape Jacket,shopify_product_15414519988564
Maison Margiela,Maison Margiela Leather Crossbody Bag Pink,shopify_product_12480823263572
Maison Margiela,Maison Margiela Leather Crossbody Bag Sky Blue,shopify_product_12481037664596
Maison Margiela,Maison Margiela Logo Sweatshirt,shopify_product_15357458022740
Maison Margiela,Maison Margiela Quilted Backpack Black,shopify_product_12480827195732
Maison Margiela,Maison Margiela Quilted Backpack White,shopify_product_12480825393492
Maison Margiela,Maison Margiela Silk Midi Dress,shopify_product_15058868961620
Maison Margiela,Maison Margiela Wide Leg Denim Jeans,shopify_product_15357460054356
Maison Margiela,Maison Margiela Wide-Leg Pants,shopify_product_15357456843092
Maison Margiela,Maison Margiela Wool And Cashmere Pullover,shopify_product_15357461659988
Maison Margiela,Maison Margiela Wool Blazer,shopify_product_15028318667092
Maison Margiela,Maison Margiela Wool Cardigan,shopify_product_15357461528916
Maison Margiela,Maison Margiela Wool Cavalry Coat,shopify_product_15048336539988
Maison Margiela,Maison Margiela Wool Coat,shopify_product_15048337162580
Maison Margiela,Maison Margiela Wool Sweater,shopify_product_15357461627220
Maison Margiela,Maison Margiela short-sleeve wool shirt,shopify_product_15355815690580
Malone Souliers,Malo Boxer Costume,shopify_product_15545762316628
Malone Souliers,Malo Cashmere Sweater Ink,shopify_product_12481294172500
Malone Souliers,Malo Cashmere Sweater Sapphire,shopify_product_12481290895700
Malone Souliers,Malo Swimwear Green,shopify_product_15545763332436
Malone Souliers,Malo Swimwear Midnight Blue,shopify_product_15545766150484
Malone Souliers,Malo Swimwear Orange,shopify_product_15545760121172
Malone Souliers,Malo Swimwear Turquoise,shopify_product_15545759433044
Malone Souliers,Malo Turtleneck,shopify_product_12480702447956
La Martina,Man Fleece Brushed Heat,shopify_product_12481427341652
La Martina,Man Full Zip Sweater,shopify_product_12481410466132
La Martina,Man Half Zip Tricot,shopify_product_12481411449172
La Martina,Man Half Zip Tricot,shopify_product_12481410924884
La Martina,Man Polo Heavy Jersey,shopify_product_12481417970004
La Martina,Man Shirt Dobby Poplin,shopify_product_12481403421012
La Martina,Man Sweater Crewneck Lambscot,shopify_product_12481409909076
La Martina,Man Swimwear Clematis Blue,shopify_product_12550587482452
La Martina,Man Turtle Neck Tricot,shopify_product_12481412170068
La Martina,Man Turtle Neck Tricot,shopify_product_12481412727124
Manolo Blahnik,Manolo Blahnik Chivela 090 Sandals,shopify_product_15028318798164
Manolo Blahnik,Manolo Blahnik Fabiolamu 50 Sandals,shopify_product_15028318929236
Manolo Blahnik,Manolo Blahnik Hourani 105 Sandals,shopify_product_15028312342868
Manolo Blahnik,Manolo Blahnik Maida 090 Satin Pumps,shopify_product_15028312539476
Manolo Blahnik,Manolo Blahnik Prinap 050 Satin Mules,shopify_product_15028312899924
Manolo Blahnik,Manolo Blahnik Veralli 010 Ballerina Flats,shopify_product_15028313063764
Marc Jacobs,Marc Jacobs Fur Trim Coat,shopify_product_15028313260372
Marc Jacobs,Marc Jacobs Fur Trim Coat,shopify_product_15018006544724
County of Milan,Marcelo Burlon  All Over Bandana Shorts,shopify_product_15028313391444
County of Milan,Marcelo Burlon Colour-Block Shirt,shopify_product_15028313555284
County of Milan,Marcelo Burlon Cotton Basket Shorts,shopify_product_15028313686356
County of Milan,Marcelo Burlon County Of Milan Cotton Jacket,shopify_product_15028313882964
County of Milan,Marcelo Burlon County Of Milan Velvet Pants,shopify_product_15028314046804
County of Milan,Marcelo Burlon County Of Milan Windbreaker Jacket,shopify_product_15028314407252
County of Milan,Marcelo Burlon County Of Milan Windbreaker Jacket,shopify_product_15028314243412
County of Milan,Marcelo Burlon County of Milan Track Pants,shopify_product_15028314571092
County of Milan,Marcelo Burlon County of Milan Track Pants,shopify_product_15028314669396
County of Milan,Marcelo Burlon Logo Windbreaker Jacket,shopify_product_15028314833236
County of Milan,Marcelo Burlon Swim Shorts,shopify_product_15028314997076
County of Milan,Marcelo Burlon Track Pants,shopify_product_15028315193684
County of Milan,Marcelo burlon Tempera Cross Shorts,shopify_product_15028315390292
Marni,Marni Cotton Logo T-Shirt,shopify_product_15028315521364
Marni,Marni Cotton Logo T-Shirt,shopify_product_15436364513620
Marni,Marni Museo Soft Mini Bag,shopify_product_15028315652436
Marni,Marni Oversize Hooded Sweatshirt,shopify_product_15028315816276
Marni,Marni Padded Leather Bag,shopify_product_15028296024404
CP Company,Medium Jacket Micro Kei,shopify_product_15414435217748
CP Company,Medium Jacket Nada Shell,shopify_product_15414494069076
CP Company,Medium Jacket Pertex,shopify_product_15414496100692
MC2 Saint Barth,Micro Fantasy Anchor Sea,shopify_product_15423867879764
MC2 Saint Barth,Micro Fantasy Ashby 9131,shopify_product_15423867453780
MC2 Saint Barth,Micro Fantasy Daisy Group 17,shopify_product_15414450782548
MC2 Saint Barth,Micro Fantasy Sabrage 17,shopify_product_15423867126100
MC2 Saint Barth,Micro Fantasy Scotch Banana,shopify_product_15414449242452
MC2 Saint Barth,Micro Fantasy Soccer Fan,shopify_product_15414445211988
J.W. Anderson,Midi Cap Shoulder Bag,shopify_product_15028308541780
Emporio Armani,Mini Bag with Tracolla,shopify_product_12481015054676
The Attico,Minigonna a Wallet,shopify_product_12550472073556
Maison Margiela,Mison Margiela Long Poplin Shirt,shopify_product_15058869453140
Missoni,Missoni Cotton Logo Shorts,shopify_product_15028316701012
Missoni,Missoni Elastic Maxi Skirt,shopify_product_15058869682516
Missoni,Missoni Semi-Transparent Sweater,shopify_product_15357455958356
Missoni,Missoni Semi-Transparent Sweater,shopify_product_15427249111380
Miu Miu,Miu Miu Blue Patent Leather Thong Sandal,shopify_product_15545961578836
Miu Miu,Miu Miu Hair Tortoiseshell Hair Comb,shopify_product_15028316864852
Miu Miu,Miu Miu Leather Crystals Mules,shopify_product_15028316995924
Miu Miu,Miu Miu Leather Mary Jane,shopify_product_15028317159764
Miu Miu,Miu Miu Leather Sandals,shopify_product_15028317323604
Miu Miu,Miu Miu Leather Sandals,shopify_product_15018007691604
Miu Miu,Miu Miu Leather Slingback Pumps,shopify_product_15028317454676
Miu Miu,Miu Miu Leather Slingback Pumps,shopify_product_15018007789908
Miu Miu,Miu Miu Logo Embroidered Slip-On Mules,shopify_product_15028317618516
Miu Miu,Miu Miu Logo Velvet Flats,shopify_product_15028317782356
Miu Miu,Miu Miu Macrame Sandals,shopify_product_15028317946196
Miu Miu,Miu Miu Macrame Sandals,shopify_product_15018008117588
Miu Miu,Miu Miu Wool-Cashmere Rollneck Sweater,shopify_product_15028304019796
Miu Miu,Miu Miu Wool-Cashmere Rollneck Sweater,shopify_product_15018008510804
People of Shibuya,Mizu Jacket Azure,shopify_product_12481235452244
People of Shibuya,Mizu Jacket White,shopify_product_12481235124564
Moncler,Moncler Genius 1952 Trousers,shopify_product_15357458514260
Moncler,Moncler Genius 1952 Trousers,shopify_product_15481612501332
Moncler,Moncler Genius Shiny Jacket,shopify_product_15056213737812
Moncler,Moncler Genius Silencio Sneakers,shopify_product_15028318437716
Moncler,Moncler Heiji Jacket,shopify_product_15056213803348
Moncler,Moncler Monaco Leather Sneakers,shopify_product_15028318142804
Moncler,Moncler Pivot Low-Top Sneakers,shopify_product_15028318273876
Moncler,Moncler x Mercedes-Benz shirt,shopify_product_15030720561492
Montblanc,Montblanc Leather Travel Bag,shopify_product_12480824869204
Don The Fuller,Mosca,shopify_product_12480764936532
Moschino,Moschino Bar-code Jogger,shopify_product_15485721444692
Moschino,Moschino Cotton Hooded Sweatshirt,shopify_product_15028318568788
Moschino,Moschino Couture Contrasting Band Shorts,shopify_product_15028318732628
Moschino,Moschino Couture Cotton Logo Shorts,shopify_product_15028318896468
Moschino,Moschino Couture Cotton Shorts,shopify_product_15028319060308
Moschino,Moschino Couture Cotton Zip-Up Sweatshirt,shopify_product_15482590003540
Moschino,Moschino Couture In Love We Trust Cotton Polo,shopify_product_15028319191380
Moschino,Moschino Couture In Love We Trust Cotton Polo,shopify_product_15482179256660
Moschino,Moschino Couture In Love We Trust Mini Dress,shopify_product_15028319322452
Moschino,Moschino Couture In Love We Trust T-Shirt,shopify_product_15028319453524
Moschino,Moschino Couture In Love We Trust T-Shirt,shopify_product_15028319551828
Moschino,Moschino Couture In Love We Trust T-Shirt,shopify_product_15482602062164
Moschino,Moschino Couture In Love We Trust T-Shirt,shopify_product_15485749002580
Moschino,Moschino Couture Long Sleeve T-shirt,shopify_product_15028319682900
Moschino,Moschino Couture Silk Printed Shirt,shopify_product_15028319813972
Moschino,Moschino Floral Print Silk Shorts,shopify_product_15028319945044
Moschino,Moschino Logo Embroidered T-Shirt,shopify_product_15482601668948
Moschino,Moschino Logo Jogging Pants,shopify_product_15482575716692
Moschino,Moschino Logo Low Top Sneakers,shopify_product_15028320076116
Moschino,Moschino Logo Low Top Sneakers,shopify_product_15028320207188
Moschino,Moschino Marco Biker Hooded Sweatshirt,shopify_product_15028320305492
Moschino,Moschino Upside Down Logo T-shirt,shopify_product_15482601603412
Moschino,Moschino logo-embroidered cotton T-shirt,shopify_product_15482601800020
People of Shibuya,Nagara Jacket,shopify_product_12481468105044
Neil Barrett,Neil Barrett Bomber Jacket,shopify_product_15028320534868
Neil Barrett,Neil Barrett Cotton Logo Hooded Sweatshirt,shopify_product_15028320665940
Neil Barrett,Neil Barrett Flash Design Sweatshirt,shopify_product_15028320764244
Neil Barrett,Neil Barrett Hooded Sweatshirt,shopify_product_15028320895316
Neil Barrett,Neil Barrett Jewel Turtleneck Sweatshirt,shopify_product_15028321026388
Neil Barrett,Neil Barrett Logo Hooded Sweatshirt,shopify_product_15028321059156
Neil Barrett,Neil Barrett Logo Sweatshirt,shopify_product_15028321190228
Neil Barrett,Neil Barrett State Of Liberty Cotton Shirt,shopify_product_15028321321300
Neil Barrett,Neil Barrett State Of Liberty Cotton Shirt,shopify_product_15430843531604
ELLI,New Collection 2022,shopify_product_12480755499348
Don The Fuller,New York,shopify_product_12480765165908
North Sails,Newport Rhode Island T-shirt,shopify_product_12481446838612
Jacob Cohen,Nick Slim Fit,shopify_product_12481174569300
North Sails,North Sails Logo T-shirt,shopify_product_12480730890580
North Sails,North Sails Logo T-shirt,shopify_product_12480730956116
OFF-WHITE,OFF-WHITE Be Right Back Sneakers,shopify_product_15028301103444
OFF-WHITE,OFF-WHITE Cotton Track Pants,shopify_product_15028313981268
OFF-WHITE,OFF-WHITE Cotton Track Pants,shopify_product_15028314145108
OFF-WHITE,OFF-WHITE Cotton Track Pants,shopify_product_15028314341716
OFF-WHITE,OFF-WHITE Hooded Sweatshirt,shopify_product_15028314505556
OFF-WHITE,OFF-WHITE Leather Sneakers,shopify_product_15028302315860
OFF-WHITE,OFF-WHITE Logo Sweatshirt,shopify_product_15369127526740
OFF-WHITE,OFF-WHITE Logo Sweatshirt,shopify_product_15028291436884
OFF-WHITE,OFF-WHITE Logo Sweatshirt,shopify_product_15028291600724
OFF-WHITE,OFF-WHITE Logo Sweatshirt,shopify_product_15028291764564
OFF-WHITE,OFF-WHITE Long-sleeve T-shirt,shopify_product_15028290847060
OFF-WHITE,OFF-WHITE Long-sleeve T-shirt,shopify_product_15028291273044
OFF-WHITE,OFF-WHITE Long-sleeve T-shirt,shopify_product_15436369559892
OFF-WHITE,OFF-WHITE Out Of Office Sneakers,shopify_product_15028300317012
OFF-WHITE,OFF-WHITE Out Of Office Sneakers,shopify_product_15028300939604
OFF-WHITE,OFF-WHITE Out Of Office Sneakers,shopify_product_15028300546388
OFF-WHITE,OFF-WHITE Out Of Office Sneakers,shopify_product_15028300710228
OFF-WHITE,OFF-WHITE Out Of Office Sneakers,shopify_product_15028301300052
OFF-WHITE,OFF-WHITE Out of Office For Walking Sneakers,shopify_product_15028300120404
OFF-WHITE,OFF-WHITE Vulcanized Low Sneakers,shopify_product_15028301889876
OFF-WHITE,OFF-WHITE Vulcanized Low Sneakers,shopify_product_15028302152020
OFF-WHITE,Off White Cloud Arrow Slippers,shopify_product_15369128280404
OFF-WHITE,Off White Pixel Diag Sweatshirt,shopify_product_15028321419604
OFF-WHITE,Off White S.Matthew Skate Logo-Print T-Shirt,shopify_product_15028321550676
OFF-WHITE,Off-White 3.0 Off Court High-Top Sneakers,shopify_product_15028301496660
OFF-WHITE,Off-White Ankle Boots Black Woman,shopify_product_12393472655700
OFF-WHITE,Off-White Arrow Field Cotton Jacket,shopify_product_15046430392660
OFF-WHITE,Off-White Bermuda Shorts,shopify_product_15028321681748
OFF-WHITE,Off-White Casual Short,shopify_product_15028286816596
OFF-WHITE,Off-White Cotton Crew-neck T-shirt,shopify_product_15046430785876
OFF-WHITE,Off-White Cotton Crew-neck T-shirt,shopify_product_15046430851412
OFF-WHITE,Off-White Cotton Crew-neck T-shirt,shopify_product_15046430884180
OFF-WHITE,Off-White Cotton Crew-neck T-shirt,shopify_product_15046430982484
OFF-WHITE,Off-White Cotton Crew-neck T-shirt,shopify_product_15046431015252
OFF-WHITE,Off-White Cotton Crew-neck T-shirt,shopify_product_15046431048020
OFF-WHITE,Off-White Cotton Logo Sweatpants,shopify_product_15046430556500
OFF-WHITE,Off-White Cotton Logo Sweatpants,shopify_product_15427270541652
OFF-WHITE,Off-White Cotton Sweatshirt,shopify_product_15046431113556
OFF-WHITE,Off-White Cut-Out Midi Dress,shopify_product_15046430359892
OFF-WHITE,Off-White Denim Flared Jeans,shopify_product_15046430458196
OFF-WHITE,Off-White Hooded Logo Sweatshirt,shopify_product_15028287013204
OFF-WHITE,Off-White Hooded Logo Sweatshirt,shopify_product_15046430589268
OFF-WHITE,Off-White Hooded Sweatshirt,shopify_product_15028287177044
OFF-WHITE,Off-White Hooded Sweatshirt,shopify_product_15028287340884
OFF-WHITE,Off-White Hoodie SWEATSHIRT,shopify_product_15046430818644
OFF-WHITE,Off-White Hoodie Sweatshirt,shopify_product_15046431244628
OFF-WHITE,Off-White Knitted Hoodie,shopify_product_15046430523732
OFF-WHITE,Off-White Leather Espadrilles,shopify_product_15028287504724
OFF-WHITE,Off-White Logo Hooded Sweatshirt,shopify_product_15028287635796
OFF-WHITE,Off-White Logo Longsleeve T-shirt,shopify_product_15028291961172
OFF-WHITE,Off-White Logo Sweatshirt,shopify_product_15028287832404
OFF-WHITE,Off-White Logo Sweatshirt,shopify_product_15028287996244
OFF-WHITE,Off-White Logo Sweatshirt,shopify_product_15046431080788
OFF-WHITE,Off-White Logo Sweatshirt,shopify_product_15028293566804
OFF-WHITE,Off-White Logo T-shirt,shopify_product_15028288127316
OFF-WHITE,Off-White Logo T-shirt,shopify_product_15028288258388
OFF-WHITE,Off-White Logo T-shirt,shopify_product_15028288553300
OFF-WHITE,Off-White Logo T-shirt,shopify_product_15028288848212
OFF-WHITE,Off-White Logo T-shirt,shopify_product_15046430949716
OFF-WHITE,Off-White Logo T-shirt,shopify_product_15028288389460
OFF-WHITE,Off-White Logo T-shirt,shopify_product_15028288684372
OFF-WHITE,Off-White Logo T-shirt,shopify_product_15028293206356
OFF-WHITE,Off-White Logo T-shirt,shopify_product_15436365365588
OFF-WHITE,Off-White Logo T-shirt,shopify_product_15436366971220
OFF-WHITE,Off-White Logo T-shirt,shopify_product_15436367233364
OFF-WHITE,Off-White Logo Windbreaker Bomber Jacket,shopify_product_15046430425428
OFF-WHITE,Off-White Logo sweatshirt,shopify_product_15369127264596
OFF-WHITE,Off-White Logo sweatshirt,shopify_product_15369127231828
OFF-WHITE,Off-White Logo sweatshirt,shopify_product_15028290683220
OFF-WHITE,Off-White Logo sweatshirt,shopify_product_15028291141972
OFF-WHITE,Off-White Logo sweatshirt,shopify_product_15028292125012
OFF-WHITE,Off-White Logo sweatshirt,shopify_product_15028292845908
OFF-WHITE,Off-White Logo sweatshirt,shopify_product_15028293009748
OFF-WHITE,Off-White Logo sweatshirt,shopify_product_15046431179092
OFF-WHITE,Off-White Logo sweatshirt,shopify_product_15028291010900
OFF-WHITE,Off-White Logo sweatshirt,shopify_product_15028292616532
OFF-WHITE,Off-White Logo sweatshirt,shopify_product_15032307876180
OFF-WHITE,Off-White Long-sleeve T-shirt,shopify_product_15046430753108
OFF-WHITE,Off-White Neen Allover Shirt,shopify_product_15028288946516
OFF-WHITE,Off-White Off Stamp Skate Hoodie Sweatshirt,shopify_product_15046430622036
OFF-WHITE,Off-White Out Of Office Leather Sneakers,shopify_product_15028301660500
OFF-WHITE,Off-White Pixel Diag Skate Hooded Sweatshirt,shopify_product_15028289110356
OFF-WHITE,Off-White Shared logo skate T-shirt,shopify_product_15028289274196
OFF-WHITE,Off-White Spray Arrow Skate Sweatshirt,shopify_product_15028293960020
OFF-WHITE,Off-White St. Matthew Over Cotton Hoodie Sweatshirt,shopify_product_15028289405268
OFF-WHITE,Off-White Swim Shorts,shopify_product_15028289569108
OFF-WHITE,Off-White Swim Shorts,shopify_product_15436341248340
OFF-WHITE,Off-White T-shirt,shopify_product_15028293435732
OFF-WHITE,Off-White T-shirt,shopify_product_15041194590548
OFF-WHITE,Off-White T-shirt,shopify_product_15028292288852
OFF-WHITE,Off-White T-shirt,shopify_product_15028292452692
OFF-WHITE,Off-White T-shirt,shopify_product_15028292780372
OFF-WHITE,Off-White T-shirt,shopify_product_15030721053012
OFF-WHITE,Off-White T-shirt,shopify_product_15436367528276
OFF-WHITE,Off-White T-shirt,shopify_product_15436367724884
OFF-WHITE,Off-White T-shirt,shopify_product_15482188267860
OFF-WHITE,Off-White T-shirt,shopify_product_15500323750228
OFF-WHITE,Off-White Washed denim JEANS,shopify_product_15046430490964
OFF-WHITE,Off-White White Hoodie,shopify_product_15046431211860
OFF-WHITE,Off-White Wool Sweatshirt,shopify_product_15046430654804
Giuseppe Zanotti,Open Toe Ankle Boots in Silver Giuseppe Zanotti,shopify_product_15545998836052
Dsquared2,Oversized Cotton T-Shirt with Dsquared2 logo,shopify_product_15545992872276
P448,P448 Sneakers Beige,shopify_product_15546068828500
P448,P448 Sneakers Black,shopify_product_15546081968468
P448,P448 Sneakers Black,shopify_product_15546077184340
P448,P448 Sneakers White,shopify_product_15546062537044
P448,P448 Sneakers White,shopify_product_15545915801940
P448,P448 Sneakers White,shopify_product_15545919537492
P448,P448 Sneakers White,shopify_product_15545917899092
Parajumpers,PARAJUMPERS Nero Hoody Bomber Jacket,shopify_product_12431999074644
HERNO,Padded down jacket with hood and removable fur Herno,shopify_product_15546120929620
Palm Angels,Palm Angels Bear In Mind Sweatshirt,shopify_product_15028293828948
Palm Angels,Palm Angels Camouflage Swim Shorts,shopify_product_15028289732948
Palm Angels,Palm Angels Camouflage Swim Shorts,shopify_product_15436340527444
Palm Angels,Palm Angels Casual Printed Bomber,shopify_product_15028289896788
Palm Angels,Palm Angels Checked  Windbreaker Jacket,shopify_product_15028289962324
Palm Angels,Palm Angels Classic Logo Hooded Overshirt,shopify_product_15028290158932
Palm Angels,Palm Angels College Logo Polo,shopify_product_15028290322772
Palm Angels,Palm Angels Cotton Hooded Sweatshirt,shopify_product_15028290486612
Palm Angels,Palm Angels Cotton Trousers,shopify_product_15028290617684
Palm Angels,Palm Angels Denim Jacket,shopify_product_15028290748756
Palm Angels,Palm Angels Fire Blazer,shopify_product_15028290912596
Palm Angels,Palm Angels Flip Flop Slides,shopify_product_15028291076436
Palm Angels,Palm Angels Flip Flop Slides,shopify_product_15430635848020
Palm Angels,Palm Angels Hawaii Track Pants,shopify_product_15028291207508
Palm Angels,Palm Angels Hawaii Track Pants,shopify_product_15427260547412
Palm Angels,Palm Angels Hooded Printed Shirt,shopify_product_15028291371348
Palm Angels,Palm Angels Hoodie Patch Sweatshirt,shopify_product_15028291502420
Palm Angels,Palm Angels Jeans,shopify_product_15028291633492
Palm Angels,Palm Angels Leather Logo Sandals,shopify_product_15018012016980
Palm Angels,Palm Angels Leather Logo Sneakers,shopify_product_15028291928404
Palm Angels,Palm Angels Leather Logo Sneakers,shopify_product_15569833197908
Palm Angels,Palm Angels Logo Sweatshirt,shopify_product_15028292092244
Palm Angels,Palm Angels Logo Tote Bag,shopify_product_15028296188244
Palm Angels,Palm Angels Logo Track Sweatshirt,shopify_product_15028292256084
Palm Angels,Palm Angels Monogram Pool Slides,shopify_product_15028292387156
Palm Angels,Palm Angels Monogram Pool Slides,shopify_product_15430637683028
Palm Angels,Palm Angels Padded Bomber Jacket,shopify_product_15028292485460
Palm Angels,Palm Angels Palms Souvenir Bomber Jacket,shopify_product_15028292649300
Palm Angels,Palm Angels Tote Bag,shopify_product_12480736395604
Palm Angels,Palm Angels University Sneakers,shopify_product_15028292813140
Palm Angels,Palm Angels University Sneakers,shopify_product_15018012836180
Palm Angels,Palm Angels University Sneakers,shopify_product_15430629097812
Palm Angels,Palm Angels Waterproof Jacket,shopify_product_15028292976980
Palm Angels,Palm Angels Windbreaker Jacket,shopify_product_15028293140820
Palm Angels,Palm Angles Hoodie Sweatshirt,shopify_product_15028293239124
Dolce & Gabbana,Pants Very Dark Blue,shopify_product_15414452453716
Paolo Pecora,Paolo Pecora Cotton T-Shirt,shopify_product_15028293337428
Malone Souliers,Paricollo Misto Cashmere Antracite,shopify_product_12481287323988
Malone Souliers,Paricollo Misto Cashmere Beige,shopify_product_12481285849428
Malone Souliers,Paricollo Misto Cashmere Black,shopify_product_12481287127380
Malone Souliers,Paricollo Misto Cashmere Moro,shopify_product_12481284079956
Malone Souliers,Paricollo Misto Cashmere Navy,shopify_product_12481287586132
Malone Souliers,Paricollo Misto Cashmere Zaffiro,shopify_product_12481286111572
Patrizia Pepe,Patrizia Pepe Denim Skirt Blue,shopify_product_12550552191316
Patrizia Pepe,Patrizia Pepe Dress Burgundy,shopify_product_12502808002900
Patrizia Pepe,Patrizia Pepe Mesh Skirt Lime,shopify_product_12550563758420
Patrizia Pepe,Patrizia Pepe Ribbed Trousers Lime,shopify_product_12550583845204
Patrizia Pepe,Patrizia Pepe Skirt Grey,shopify_product_12550546522452
Paul & Shark ,Paul & Shark Cotton Polo,shopify_product_15552575013204
Paul & Shark ,Paul & Shark Cotton Sweatshirt,shopify_product_15491594125652
Paul & Shark ,Paul & Shark Hooded Sweatshirt,shopify_product_15491594191188
Paul & Shark ,Paul & Shark Lightweight Jacket,shopify_product_15491579052372
Paul & Shark ,Paul & Shark Nylon Vest Jacket,shopify_product_15491579216212
Paul & Shark ,Paul & Shark Zipped Sweatshirt,shopify_product_15491594256724
Paul & Shark ,Paul Shark Polo T-Shirt,shopify_product_15491586785620
Paul & Shark ,Paul Shark Polo T-Shirt,shopify_product_15491586883924
People of Shibuya,People of Shibuya Cashmere Sweatshirt Blue,shopify_product_12481233912148
People of Shibuya,People of Shibuya Cotton Polo Shirt White,shopify_product_12481231651156
People of Shibuya,People of Shibuya Down Jacket,shopify_product_12481340277076
People of Shibuya,People of Shibuya Down Jacket Gold,shopify_product_12481348731220
People of Shibuya,People of Shibuya Down Jacket Gold,shopify_product_12481356202324
People of Shibuya,People of Shibuya Down Jacket Gold,shopify_product_12481339425108
People of Shibuya,People of Shibuya Down Jacket Gold,shopify_product_12481350467924
People of Shibuya,People of Shibuya Jacket,shopify_product_12481359642964
People of Shibuya,People of Shibuya Jacket,shopify_product_12481366425940
People of Shibuya,People of Shibuya Jacket Blue,shopify_product_12481367048532
People of Shibuya,People of Shibuya Jacket Brown,shopify_product_12481365803348
People of Shibuya,People of Shibuya Shorts Beige,shopify_product_12481465942356
People of Shibuya,People of Shibuya Shorts Black,shopify_product_12481465549140
People of Shibuya,People of Shibuya Shorts Blue,shopify_product_12481465712980
People of Shibuya,People of Shibuya Sweatshirt Black,shopify_product_12481465024852
People of Shibuya,People of Shibuya Toshiro Men's Blue Trench Coat,shopify_product_12481464795476
Peuterey,Peuterey Cotton Jacket Black,shopify_product_12480894959956
Peuterey,Peuterey Cotton Jacket Violet,shopify_product_12480890798420
Peuterey,Peuterey Jacket,shopify_product_12480895549780
Peuterey,Peuterey Jacket Black,shopify_product_12480888963412
Peuterey,Peuterey Jacket Brown,shopify_product_12480890437972
Peuterey,Peuterey Jacket Orange,shopify_product_12480895287636
Peuterey,Peuterey Nylon Jacket Blue,shopify_product_12480889586004
Peuterey,Peuterey Polyester Jacket Beige,shopify_product_12480891388244
Peuterey,Peuterey Polyester Jacket Grey,shopify_product_12480891126100
Peuterey,Peuterey Wool Jacket Orange,shopify_product_12480890143060
ARMA,Pharmacy Industry,shopify_product_15414534111572
ARMA,Pharmacy Industry,shopify_product_15414533456212
ARMA,Pharmacy Industry Bermuda Shorts White,shopify_product_15414533357908
ARMA,Pharmacy Industry Bermuda Shorts White,shopify_product_15414533292372
ARMA,Pharmacy Industry Crewneck Sweater,shopify_product_15414534439252
ARMA,Pharmacy Industry Hoodie,shopify_product_15414534570324
ARMA,Pharmacy Industry Jacket,shopify_product_15414533062996
ARMA,Pharmacy Industry Jacket,shopify_product_15414536438100
ARMA,Pharmacy Industry Jacket,shopify_product_15414532997460
ARMA,Pharmacy Industry Suit,shopify_product_15414536208724
ARMA,Pharmacy Industry Suit,shopify_product_15414535160148
ARMA,Pharmacy Industry Suit,shopify_product_15414536372564
ARMA,Pharmacy Industry Suit Red,shopify_product_15414534209876
ARMA,Pharmacy Industry Trousers,shopify_product_15414536765780
ARMA,Pharmacy Industry Trousers,shopify_product_15414534930772
ARMA,Pharmacy Industry Trousers,shopify_product_15414532735316
ARMA,Pharmacy Industry Trousers,shopify_product_15414533095764
Philipp Plein,Philipp Plein Blent Cotton Sweatpants,shopify_product_15028293501268
Philipp Plein,Philipp Plein Fox Fur Collar,shopify_product_15546083672404
Philipp Plein,Philipp Plein Shorts Black,shopify_product_12480775160148
Philipp Plein,Philipp Plein Shorts White,shopify_product_15482931052884
Philipp Plein,Philipp Plein Sweatpants,shopify_product_15028293665108
ARMA,Phws_p302-caff&egrave;,shopify_product_15414536110420
Saint Laurent,Pink Canvas Slip-On with Radio Print Saint Laurent,shopify_product_15546018890068
Dolce & Gabbana,Pink Hoodie with Dolce & Gabbana DG Logo,shopify_product_15546380714324
PINKO,Pinko Cotton Dress Multicolour,shopify_product_15029977088340
PINKO,Pinko Dress Black,shopify_product_15035405762900
PINKO,Pinko Dress Blue,shopify_product_15035406745940
PINKO,Pinko Dress Multicolour,shopify_product_15035405926740
PINKO,Pinko Lace T-Shirt Sky Blue,shopify_product_15035406975316
PINKO,Pinko Leather Crossbody Bag Pink,shopify_product_12481271464276
PINKO,Pinko Leather Crossbody Bag Pink,shopify_product_12481017807188
PINKO,Pinko Skirt White,shopify_product_15035407302996
PINKO,Pinko Trousers Red,shopify_product_15035406123348
PINKO,Pinko Trousers Sky Blue,shopify_product_15035406942548
PINKO,Pinko Viscose Trousers Violet,shopify_product_12550621790548
Plein Sport,Plein Sport Leather Crossbody Bag Camel,shopify_product_12480733479252
Plein Sport,Plein Sport Leather Crossbody Bag Red,shopify_product_12480734200148
Plein Sport,Plein Sport Tote Bag Taupe,shopify_product_12480734298452
Plein Sport,Plein Sport Tote Bag White,shopify_product_12480736493908
Canali,Polo Canali light blue short sleeve,shopify_product_15546117685588
Dolce & Gabbana,Polo Henley,shopify_product_15414433186132
Gran Sasso,Polo Knitting Pattern in Azzurro Gran Sasso,shopify_product_15546306101588
Gran Sasso,Polo Knitting Pattern in Rosa Gran Sasso,shopify_product_15546306658644
People of Shibuya,Polo Male Black,shopify_product_12481232011604
Vilebrequin,Polo Orange Abricot,shopify_product_15035401109844
Vilebrequin,Polo Orange Abricot,shopify_product_15035401568596
Vilebrequin,Polo Pink Shocking,shopify_product_15035401142612
Vilebrequin,Polo Purple Blu,shopify_product_15035399569748
CP Company,Polo Stretch Piquet,shopify_product_15482582761812
Hinnominate,Polo in Spugna,shopify_product_15414509076820
Gran Sasso,Polo with Honeycomb Weave Gran Sasso,shopify_product_15394825601364
Lanvin,Pouch White Lanvin,shopify_product_12481205371220
Lanvin,Pouch White Lanvin,shopify_product_12481204420948
Lanvin,Pouch Yellow Lanvin,shopify_product_12481204748628
Prada,Prada 55mm Cut-Out Satin Pumps,shopify_product_15028322402644
Prada,Prada 55mm Satin Cut-Out Pumps,shopify_product_15028322500948
Prada,Prada Checked Cotton Shirt,shopify_product_15028322697556
Prada,Prada Classic Wool Trousers,shopify_product_15028322795860
Prada,Prada Collision Low-Top Sneakers,shopify_product_15028322894164
Prada,Prada Cotton Cardigan,shopify_product_15357456253268
Prada,Prada Cotton Patch T-Shirt,shopify_product_15357455597908
Prada,Prada Cotton Patch T-Shirt,shopify_product_15357455794516
Prada,Prada Cotton Shirt,shopify_product_15028322926932
Prada,Prada Cotton Shirt,shopify_product_15018013196628
Prada,Prada Cut-Out Satin Pumps,shopify_product_15028322992468
Prada,Prada Double-Breasted Wool Coat,shopify_product_15048336376148
Prada,Prada Double-Breasted Wool Jacket,shopify_product_15028323058004
Prada,Prada Flared One Sleeve Midi Dress,shopify_product_15357461299540
Prada,Prada Herringbone Wool Coat,shopify_product_15052067963220
Prada,Prada High Waist Trousers,shopify_product_15357458678100
Prada,Prada Leather Belt,shopify_product_15028323123540
Prada,Prada Leather Cad Holder,shopify_product_15489265074516
Prada,Prada Leather Card Holder,shopify_product_15355085586772
Prada,Prada Leather Flat Sandals,shopify_product_15028286849364
Prada,Prada Leather Jacket,shopify_product_15056213868884
Prada,Prada Leather Lace-Up Boots,shopify_product_15028287045972
Prada,Prada Leather Logo Wallet,shopify_product_15028287209812
Prada,Prada Leather Logo Wallet,shopify_product_15028287373652
Prada,Prada Leather Logo Wallet,shopify_product_15489265369428
Prada,Prada Leather Mules 85mm,shopify_product_15028287537492
Prada,Prada Leather Platform Boots,shopify_product_15028287701332
Prada,Prada Leather Platform Boots,shopify_product_15018013360468
Prada,Prada Leather Pumps,shopify_product_15028287865172
Prada,Prada Linen Bermuda,shopify_product_15028288029012
Prada,Prada Linen Shirt,shopify_product_15357456089428
Prada,Prada Logo Jacket,shopify_product_15056213901652
Prada,Prada Logo Rubber Boots,shopify_product_15028288192852
Prada,Prada Logo Rubber Boots,shopify_product_15028288356692
Prada,Prada Logo Rubber Boots,shopify_product_15018013426004
Prada,Prada Logo T-Shirt,shopify_product_15060992033108
Prada,Prada Long Parka Coat,shopify_product_15048336802132
Prada,Prada Mellow Rubber Mules,shopify_product_15028288520532
Prada,Prada Men Blue Leather Travel Bag,shopify_product_12395474616660
Prada,Prada Men&rsquo;s Leather Oxfords and Derbies,shopify_product_12435645628756
Prada,Prada Midi Dress,shopify_product_15058869420372
Prada,Prada Nylon And Leather Card Holder,shopify_product_15028288717140
Prada,Prada Nylon And Leather Card Holder,shopify_product_15495669514580
Prada,Prada Nylon Logo Wallet,shopify_product_15028288880980
Prada,Prada Nylon and Leather Drawstring Pouch,shopify_product_15481558827348
Prada,Prada Nylon and Leather French Wallet,shopify_product_15028289044820
Prada,Prada Nylon and Leather French Wallet,shopify_product_15028289175892
Prada,Prada Oxford Cotton Shirt,shopify_product_15028289339732
Prada,Prada Padded Leather Varsity Jacket,shopify_product_15056213967188
Prada,Prada Pattina Nylon Tote Bag,shopify_product_15028296384852
Prada,Prada Pinwale Corduroy Trousers,shopify_product_15357458612564
Prada,Prada Platform Pull On Boots,shopify_product_15028289503572
Prada,Prada Printed Cotton Shirt,shopify_product_15028289634644
Prada,Prada Quilted Medium Crossbody Bag,shopify_product_15028289765716
Prada,Prada Quilted Medium Crossbody Bag,shopify_product_15018013557076
Prada,Prada Re-Nylon Quilted Shoulder Bag,shopify_product_15028296548692
Prada,Prada Re-Nylon Zipped Pouch,shopify_product_15028619379028
Prada,Prada Ribbed Knit Cashmere Cardigan,shopify_product_15028307755348
Prada,Prada Rope-Coloured Blazer,shopify_product_15056213999956
Prada,Prada Silk Tec Sweatpants,shopify_product_15028307919188
Prada,Prada Sleeveless Logo Top,shopify_product_15060992065876
Prada,Prada Striped hooded Jacket,shopify_product_15056214065492
Prada,Prada Windbreaker Jacket,shopify_product_15355815231828
Prada,Prada Wool Blazer,shopify_product_15355086078292
Prada,Prada Wool Blazer Jacket,shopify_product_15355815199060
Prada,Prada Wool Classic Logo Pants,shopify_product_15357458776404
Prada,Prada Wool Classic Pants,shopify_product_15028308115796
Prada,Prada Wool Hooded Sweater,shopify_product_15028308312404
Prada,Prada Wool Jacket,shopify_product_15355815100756
Prada,Prada Wool Pants,shopify_product_15028308574548
Prada,Prada Wool Pants,shopify_product_15028308738388
Prada,Prada Wool Pants,shopify_product_15357458841940
Prada,Prada Wool Pants,shopify_product_15357458940244
Prada,Prada Wool Trousers,shopify_product_15028308902228
Premiata,Premiata Lace-Up Derbies,shopify_product_15028294058324
Lardini,Printed Cross Laced Dress,shopify_product_15545756057940
CP Company,Pro-Tek Primaloft Jacket Fluo,shopify_product_15482583122260
Proenza Schouler,Proenza Schouler Chunky-Sole High-Top Sneakers,shopify_product_15028294189396
Balmain,Pullover Wool Merino,shopify_product_15471442133332
Elisabetta Franchi,RED CARPET Chemisier a Balze,shopify_product_15482597605716
ELLI,Raglan Cut,shopify_product_12480708804948
ELLI,Raglan Cut,shopify_product_12480702742868
ELLI,Raglan Cut,shopify_product_12480702841172
Ralph Lauren,Ralph Lauren Cotton T-Shirt,shopify_product_15060992000340
Dsquared2,Red Cotton Overfit T-shirt with Print Dsquared2,shopify_product_15546155270484
Giorgio Armani,Red silk tie by Giorgio Armani,shopify_product_15546127384916
Saint Laurent,SAINT LAURENT JAMIE POCHON Shoulder Bag,shopify_product_15028307624276
Saint Laurent,SAINT LAURENT LE 5 &Agrave; 7 SMALL SOFT LEATHER Bag,shopify_product_15028305559892
Saint Laurent,SAINT LAURENT LE 5 &Agrave; 7 SMALL SOFT LEATHER Bag,shopify_product_15018005594452
Saint Laurent,SAINT LAURENT VOLTAIRE Half-moon shoulder bag,shopify_product_15028294484308
Salvatore Ferragamo,SALVATORE FERRAGAMO Fiorello Leather loafers,shopify_product_15028291666260
Salvatore Ferragamo,SALVATORE FERRAGAMO Kira ankle boots,shopify_product_15028292354388
Salvatore Ferragamo,SALVATORE Ferragamo Calipso Leather Loafers,shopify_product_15028291830100
Salvatore Ferragamo,SALVATORE Ferragamo Gancini Sneakers,shopify_product_15028323385684
Salvatore Ferragamo,SALVATORE Ferragamo leather loafers,shopify_product_15028323778900
Sergio Rossi,SERGIO ROSSI Leather Heel Boots,shopify_product_15028297171284
North Sails,Sailing Team T-shirt,shopify_product_12481449427284
Saint Laurent,Saint Laurent 'Carine' Leather Slingback Pumps,shopify_product_15028317061460
Saint Laurent,Saint Laurent 'Dune' Leather Slingback Pumps,shopify_product_15028317258068
Saint Laurent,Saint Laurent 609 Aviator Sunglasses,shopify_product_15028317421908
Saint Laurent,Saint Laurent Bianca Knotted Suede Slides,shopify_product_15028317585748
Saint Laurent,Saint Laurent Bomber Jacket,shopify_product_15355085685076
Saint Laurent,Saint Laurent Cashmere And Wool Flannel 90'S Striped Pants,shopify_product_15357459824980
Saint Laurent,Saint Laurent Cashmere And Wool Flannel 90'S Striped Pants,shopify_product_15534941962580
Saint Laurent,Saint Laurent Cashmere Dress,shopify_product_15028317749588
Saint Laurent,Saint Laurent Cashmere Dress,shopify_product_15487809847636
Saint Laurent,Saint Laurent Cashmere Dress,shopify_product_15489321271636
Saint Laurent,Saint Laurent Cashmere Dress,shopify_product_15532586238292
Saint Laurent,Saint Laurent Cashmere Dress,shopify_product_15533444366676
Saint Laurent,Saint Laurent Cashmere Dress,shopify_product_15534514733396
Saint Laurent,Saint Laurent Cashmere Dress,shopify_product_15534869086548
Saint Laurent,Saint Laurent Cashmere Dress,shopify_product_15535219769684
Saint Laurent,Saint Laurent Cashmere Dress,shopify_product_15538367824212
Saint Laurent,Saint Laurent Cashmere Dress,shopify_product_15532240404820
Saint Laurent,Saint Laurent Cashmere Dress,shopify_product_15545172328788
Saint Laurent,Saint Laurent Cashmere Dress,shopify_product_15545435455828
Saint Laurent,Saint Laurent Cashmere Dress,shopify_product_15546258522452
Saint Laurent,Saint Laurent Cashmere Dress,shopify_product_15546759741780
Saint Laurent,Saint Laurent Cashmere Dress,shopify_product_15547406156116
Saint Laurent,Saint Laurent Cashmere Dress,shopify_product_15552350978388
Saint Laurent,Saint Laurent Cashmere Dress,shopify_product_15553559429460
Saint Laurent,Saint Laurent Cashmere Dress,shopify_product_15547782201684
Saint Laurent,Saint Laurent Cashmere Dress,shopify_product_15539861979476
Saint Laurent,Saint Laurent Cashmere Dress,shopify_product_15551983026516
Saint Laurent,Saint Laurent Cashmere Leggings,shopify_product_15357458481492
Saint Laurent,Saint Laurent Cassandra Leather Flip-Flop Sandals,shopify_product_15028317880660
Saint Laurent,Saint Laurent Cassandre Airpods Case,shopify_product_15028318044500
Saint Laurent,Saint Laurent Cassandre Airpods Case,shopify_product_15487767511380
Saint Laurent,Saint Laurent Cassandre Airpods Case,shopify_product_15489267466580
Saint Laurent,Saint Laurent Cassandre Airpods Case,shopify_product_15532538265940
Saint Laurent,Saint Laurent Cassandre Airpods Case,shopify_product_15534233190740
Saint Laurent,Saint Laurent Cassandre Airpods Case,shopify_product_15534449688916
Saint Laurent,Saint Laurent Cassandre Airpods Case,shopify_product_15534798799188
Saint Laurent,Saint Laurent Cassandre Airpods Case,shopify_product_15535159083348
Saint Laurent,Saint Laurent Cassandre Airpods Case,shopify_product_15538285936980
Saint Laurent,Saint Laurent Cassandre Airpods Case,shopify_product_15532119818580
Saint Laurent,Saint Laurent Cassandre Airpods Case,shopify_product_15545336660308
Saint Laurent,Saint Laurent Cassandre Airpods Case,shopify_product_15546114507092
Saint Laurent,Saint Laurent Cassandre Airpods Case,shopify_product_15546655244628
Saint Laurent,Saint Laurent Cassandre Airpods Case,shopify_product_15547283013972
Saint Laurent,Saint Laurent Cassandre Airpods Case,shopify_product_15539824689492
Saint Laurent,Saint Laurent Cassandre Airpods Case,shopify_product_15552340689236
Saint Laurent,Saint Laurent Cassandre Airpods Case,shopify_product_15552431784276
Saint Laurent,Saint Laurent Cassandre Airpods Case,shopify_product_15553269924180
Saint Laurent,Saint Laurent Cassandre Airpods Case,shopify_product_15553519386964
Saint Laurent,Saint Laurent Cassandre Airpods Case,shopify_product_15553656488276
Saint Laurent,Saint Laurent Cassandre Airpods Case,shopify_product_15553825767764
Saint Laurent,Saint Laurent Cassandre Airpods Case,shopify_product_15547684159828
Saint Laurent,Saint Laurent Cassandre Airpods Case,shopify_product_15548602319188
Saint Laurent,Saint Laurent Cassandre Airpods Case,shopify_product_15540902199636
Saint Laurent,Saint Laurent Cassandre Airpods Case,shopify_product_15545158435156
Saint Laurent,Saint Laurent Cassandre Airpods Case,shopify_product_15548520726868
Saint Laurent,Saint Laurent Cassandre Airpods Case,shopify_product_15551330419028
Saint Laurent,Saint Laurent Cassandre Airpods Case,shopify_product_15551962710356
Saint Laurent,Saint Laurent Cassandre Airpods Case,shopify_product_15552138608980
Saint Laurent,Saint Laurent Cassandre Airpods Case,shopify_product_15552195854676
Saint Laurent,Saint Laurent Cassandre Cashmere Sweater,shopify_product_15357456613716
Saint Laurent,Saint Laurent Cassandre Cashmere Sweater,shopify_product_15357456712020
Saint Laurent,Saint Laurent Cassandre Cashmere Sweater,shopify_product_15533469237588
Saint Laurent,Saint Laurent Cassandre Cashmere Sweater,shopify_product_15533469401428
Saint Laurent,Saint Laurent Cassandre Cashmere Sweater,shopify_product_15534918664532
Saint Laurent,Saint Laurent Cassandre Cashmere Sweater,shopify_product_15534919024980
Saint Laurent,Saint Laurent Cassandre Leather Cap,shopify_product_15028315881812
Saint Laurent,Saint Laurent Cassandre Matelass&eacute; Pouch,shopify_product_15030719938900
Saint Laurent,Saint Laurent Cotton Denim Jeans,shopify_product_15355085750612
Saint Laurent,Saint Laurent Cotton Fleece Sweatshirt,shopify_product_15357459431764
Saint Laurent,Saint Laurent Cotton Fleece Sweatshirt,shopify_product_15357459497300
Saint Laurent,Saint Laurent Cotton Hooded Sweatshirt,shopify_product_15355085947220
Saint Laurent,Saint Laurent Cotton Logo Sweatshirt,shopify_product_15028318208340
Saint Laurent,Saint Laurent Cotton Logo T-Shirt,shopify_product_15028318404948
Saint Laurent,Saint Laurent Cotton Pants,shopify_product_15028318601556
Saint Laurent,Saint Laurent Cotton Shirt,shopify_product_15028318765396
Saint Laurent,Saint Laurent Cotton Shirt,shopify_product_15028318962004
Saint Laurent,Saint Laurent Cowl Back Mini Dress,shopify_product_15028319093076
Saint Laurent,Saint Laurent Cowl Back Mini Dress,shopify_product_15487810273620
Saint Laurent,Saint Laurent Cowl Back Mini Dress,shopify_product_15489321369940
Saint Laurent,Saint Laurent Cowl Back Mini Dress,shopify_product_15532586500436
Saint Laurent,Saint Laurent Cowl Back Mini Dress,shopify_product_15532718981460
Saint Laurent,Saint Laurent Cowl Back Mini Dress,shopify_product_15533444890964
Saint Laurent,Saint Laurent Cowl Back Mini Dress,shopify_product_15534514995540
Saint Laurent,Saint Laurent Cowl Back Mini Dress,shopify_product_15534869676372
Saint Laurent,Saint Laurent Cowl Back Mini Dress,shopify_product_15535220293972
Saint Laurent,Saint Laurent Cowl Back Mini Dress,shopify_product_15538367988052
Saint Laurent,Saint Laurent Cowl Back Mini Dress,shopify_product_15532241060180
Saint Laurent,Saint Laurent Cowl Back Mini Dress,shopify_product_15545172459860
Saint Laurent,Saint Laurent Cowl Back Mini Dress,shopify_product_15545435914580
Saint Laurent,Saint Laurent Cowl Back Mini Dress,shopify_product_15546259407188
Saint Laurent,Saint Laurent Cowl Back Mini Dress,shopify_product_15546760560980
Saint Laurent,Saint Laurent Cowl Back Mini Dress,shopify_product_15547406778708
Saint Laurent,Saint Laurent Cowl Back Mini Dress,shopify_product_15552351043924
Saint Laurent,Saint Laurent Cowl Back Mini Dress,shopify_product_15553559527764
Saint Laurent,Saint Laurent Cowl Back Mini Dress,shopify_product_15547782594900
Saint Laurent,Saint Laurent Cowl Back Mini Dress,shopify_product_15539862929748
Saint Laurent,Saint Laurent Cowl Back Mini Dress,shopify_product_15551983124820
Saint Laurent,Saint Laurent Double-Breasted Silk-Crepe Blazer,shopify_product_15355815625044
Saint Laurent,Saint Laurent Double-Breasted Silk-Crepe Blazer,shopify_product_15487828722004
Saint Laurent,Saint Laurent Double-Breasted Silk-Crepe Blazer,shopify_product_15489332379988
Saint Laurent,Saint Laurent Double-Breasted Silk-Crepe Blazer,shopify_product_15533461897556
Saint Laurent,Saint Laurent Double-Breasted Silk-Crepe Blazer,shopify_product_15534898184532
Saint Laurent,Saint Laurent Double-Breasted Silk-Crepe Blazer,shopify_product_15535284683092
Saint Laurent,Saint Laurent Double-Breasted Silk-Crepe Blazer,shopify_product_15553603666260
Saint Laurent,Saint Laurent Double-Breasted Wool Coat,shopify_product_15052067995988
Saint Laurent,Saint Laurent Envelope Medium Bag,shopify_product_15028305723732
Saint Laurent,Saint Laurent Envelope Medium Bag,shopify_product_15028307394900
Saint Laurent,Saint Laurent Envelope Medium Bag,shopify_product_15028322763092
Saint Laurent,Saint Laurent Envelope Medium Bag,shopify_product_15044023976276
Saint Laurent,Saint Laurent Envelope Medium Bag,shopify_product_15026003902804
Saint Laurent,Saint Laurent Envelope Small Bag,shopify_product_15028322435412
Saint Laurent,Saint Laurent Envelope Small Bag,shopify_product_15028322959700
Saint Laurent,Saint Laurent Envelope Small Bag,shopify_product_15028323025236
Saint Laurent,Saint Laurent Envelope Small Bag,shopify_product_15018002481492
Saint Laurent,Saint Laurent Envelope Small Bag,shopify_product_15026010554708
Saint Laurent,Saint Laurent Extra Long Mohair Sweater,shopify_product_15028319256916
Saint Laurent,Saint Laurent Extra Long Mohair Sweater,shopify_product_15533469565268
Saint Laurent,Saint Laurent Extra Long Mohair Sweater,shopify_product_15534919450964
Saint Laurent,Saint Laurent Feathers Trim Silk Skirt,shopify_product_15028319387988
Saint Laurent,Saint Laurent GABY Large vanity bag,shopify_product_15028303659348
Saint Laurent,Saint Laurent Gaby Vanity Bag,shopify_product_15028315062612
Saint Laurent,Saint Laurent Grain De Poudre Smoking Jacket,shopify_product_15355085717844
Saint Laurent,Saint Laurent Hooded Cotton Sweatshirt,shopify_product_15355085914452
Saint Laurent,Saint Laurent Hoodie Sweatshirt,shopify_product_15357459333460
Saint Laurent,Saint Laurent ICARINO quilted Handbag,shopify_product_15028294648148
Saint Laurent,Saint Laurent Icarino Quilted Handbag,shopify_product_15373530628436
Saint Laurent,Saint Laurent Icarino Quilted Handbag,shopify_product_15373530661204
Saint Laurent,Saint Laurent Icarino Quilted Handbag,shopify_product_15373530693972
Saint Laurent,Saint Laurent Jerry 95 Satin Sandals,shopify_product_15028319650132
Saint Laurent,Saint Laurent Joggers Cotton Pants,shopify_product_15357459661140
Saint Laurent,Saint Laurent Le 37 Mini Shoulder Bag,shopify_product_15028294156628
Saint Laurent,Saint Laurent Le 37 Mini Shoulder Bag,shopify_product_15028313456980
Saint Laurent,Saint Laurent Le 37 Mini Shoulder Bag,shopify_product_15028322206036
Saint Laurent,Saint Laurent Le 37 Mini Shoulder Bag,shopify_product_15028322664788
Saint Laurent,Saint Laurent Le 37 Mini Shoulder Bag,shopify_product_15369400090964
Saint Laurent,Saint Laurent Le 37 Mini Shoulder Bag,shopify_product_15018010247508
Saint Laurent,Saint Laurent Le 37 Small Leather Bucket Bag,shopify_product_15061333836116
Saint Laurent,Saint Laurent Le 5A7 Large YSL Shoulder Hobo Bag,shopify_product_15367864189268
Saint Laurent,Saint Laurent Leather Slides,shopify_product_15359611699540
Saint Laurent,Saint Laurent Lightweight Padded Coat,shopify_product_15028319781204
Saint Laurent,Saint Laurent Long Baggy Denim Jeans,shopify_product_15028319912276
Saint Laurent,Saint Laurent Long Sleeves Dress,shopify_product_15028320043348
Saint Laurent,Saint Laurent Long Sleeves Jumpsuit,shopify_product_15028320141652
Saint Laurent,Saint Laurent Lou Camera Bag,shopify_product_15028305854804
Saint Laurent,Saint Laurent Lou Camera Bag,shopify_product_15028313620820
Saint Laurent,Saint Laurent Lou Camera Bag,shopify_product_15018010378580
Saint Laurent,Saint Laurent Lou Lou Small Quilted Bag,shopify_product_15380588822868
Saint Laurent,Saint Laurent Manteau Oversize Coat,shopify_product_15052068028756
Saint Laurent,Saint Laurent Mini Draped Dress,shopify_product_15028320272724
Saint Laurent,Saint Laurent Mini Draped Dress,shopify_product_15487810109780
Saint Laurent,Saint Laurent Mini Draped Dress,shopify_product_15489321304404
Saint Laurent,Saint Laurent Mini Draped Dress,shopify_product_15532586369364
Saint Laurent,Saint Laurent Mini Draped Dress,shopify_product_15533444694356
Saint Laurent,Saint Laurent Mini Draped Dress,shopify_product_15534514897236
Saint Laurent,Saint Laurent Mini Draped Dress,shopify_product_15534869381460
Saint Laurent,Saint Laurent Mini Draped Dress,shopify_product_15535220064596
Saint Laurent,Saint Laurent Mini Draped Dress,shopify_product_15538367922516
Saint Laurent,Saint Laurent Mini Draped Dress,shopify_product_15532240601428
Saint Laurent,Saint Laurent Mini Draped Dress,shopify_product_15545172427092
Saint Laurent,Saint Laurent Mini Draped Dress,shopify_product_15545435685204
Saint Laurent,Saint Laurent Mini Draped Dress,shopify_product_15546259046740
Saint Laurent,Saint Laurent Mini Draped Dress,shopify_product_15546760134996
Saint Laurent,Saint Laurent Mini Draped Dress,shopify_product_15547406451028
Saint Laurent,Saint Laurent Mini Draped Dress,shopify_product_15552351011156
Saint Laurent,Saint Laurent Mini Draped Dress,shopify_product_15553559462228
Saint Laurent,Saint Laurent Mini Draped Dress,shopify_product_15547782463828
Saint Laurent,Saint Laurent Mini Draped Dress,shopify_product_15539862307156
Saint Laurent,Saint Laurent Mini Draped Dress,shopify_product_15551983059284
Saint Laurent,Saint Laurent Mini Dress,shopify_product_15028320436564
Saint Laurent,Saint Laurent Mini Dress,shopify_product_15487809585492
Saint Laurent,Saint Laurent Mini Dress,shopify_product_15489321075028
Saint Laurent,Saint Laurent Mini Dress,shopify_product_15532585976148
Saint Laurent,Saint Laurent Mini Dress,shopify_product_15533443907924
Saint Laurent,Saint Laurent Mini Dress,shopify_product_15534514405716
Saint Laurent,Saint Laurent Mini Dress,shopify_product_15534868431188
Saint Laurent,Saint Laurent Mini Dress,shopify_product_15535219179860
Saint Laurent,Saint Laurent Mini Dress,shopify_product_15538367430996
Saint Laurent,Saint Laurent Mini Dress,shopify_product_15532239651156
Saint Laurent,Saint Laurent Mini Dress,shopify_product_15545172230484
Saint Laurent,Saint Laurent Mini Dress,shopify_product_15545435128148
Saint Laurent,Saint Laurent Mini Dress,shopify_product_15546257768788
Saint Laurent,Saint Laurent Mini Dress,shopify_product_15546758988116
Saint Laurent,Saint Laurent Mini Dress,shopify_product_15547405599060
Saint Laurent,Saint Laurent Mini Dress,shopify_product_15552350880084
Saint Laurent,Saint Laurent Mini Dress,shopify_product_15553559363924
Saint Laurent,Saint Laurent Mini Dress,shopify_product_15547781611860
Saint Laurent,Saint Laurent Mini Dress,shopify_product_15539861258580
Saint Laurent,Saint Laurent Mini Dress,shopify_product_15551982928212
Saint Laurent,Saint Laurent Mini Skirt,shopify_product_15028320567636
Saint Laurent,Saint Laurent Mini Voltaire Shoulder Bag,shopify_product_15028313784660
Saint Laurent,Saint Laurent Mini Voltaire Shoulder Bag,shopify_product_15028313915732
Saint Laurent,Saint Laurent Mini Voltaire Shoulder Bag,shopify_product_15028322337108
Saint Laurent,Saint Laurent Mini Voltaire Shoulder Bag,shopify_product_15018010411348
Saint Laurent,Saint Laurent One Sleeve Dress,shopify_product_15028320698708
Saint Laurent,Saint Laurent One Sleeve Dress,shopify_product_15487809093972
Saint Laurent,Saint Laurent One Sleeve Dress,shopify_product_15489320976724
Saint Laurent,Saint Laurent One Sleeve Dress,shopify_product_15532585714004
Saint Laurent,Saint Laurent One Sleeve Dress,shopify_product_15533443481940
Saint Laurent,Saint Laurent One Sleeve Dress,shopify_product_15534514110804
Saint Laurent,Saint Laurent One Sleeve Dress,shopify_product_15534867284308
Saint Laurent,Saint Laurent One Sleeve Dress,shopify_product_15535218753876
Saint Laurent,Saint Laurent One Sleeve Dress,shopify_product_15538366972244
Saint Laurent,Saint Laurent One Sleeve Dress,shopify_product_15532239094100
Saint Laurent,Saint Laurent One Sleeve Dress,shopify_product_15545172099412
Saint Laurent,Saint Laurent One Sleeve Dress,shopify_product_15545434866004
Saint Laurent,Saint Laurent One Sleeve Dress,shopify_product_15546256949588
Saint Laurent,Saint Laurent One Sleeve Dress,shopify_product_15546758201684
Saint Laurent,Saint Laurent One Sleeve Dress,shopify_product_15547405009236
Saint Laurent,Saint Laurent One Sleeve Dress,shopify_product_15552350814548
Saint Laurent,Saint Laurent One Sleeve Dress,shopify_product_15553558774100
Saint Laurent,Saint Laurent One Sleeve Dress,shopify_product_15547780956500
Saint Laurent,Saint Laurent One Sleeve Dress,shopify_product_15539861029204
Saint Laurent,Saint Laurent One Sleeve Dress,shopify_product_15551982862676
Saint Laurent,Saint Laurent Printed Acetate SL 662 Sunglasses,shopify_product_15028320829780
Saint Laurent,Saint Laurent Printed Acetate SL 662 Sunglasses,shopify_product_15414508749140
Saint Laurent,Saint Laurent Printed Acetate SL 662 Sunglasses,shopify_product_15487767642452
Saint Laurent,Saint Laurent Printed Acetate SL 662 Sunglasses,shopify_product_15489267958100
Saint Laurent,Saint Laurent Printed Acetate SL 662 Sunglasses,shopify_product_15532538757460
Saint Laurent,Saint Laurent Printed Acetate SL 662 Sunglasses,shopify_product_15534233813332
Saint Laurent,Saint Laurent Printed Acetate SL 662 Sunglasses,shopify_product_15534450114900
Saint Laurent,Saint Laurent Printed Acetate SL 662 Sunglasses,shopify_product_15534800142676
Saint Laurent,Saint Laurent Printed Acetate SL 662 Sunglasses,shopify_product_15535159214420
Saint Laurent,Saint Laurent Printed Acetate SL 662 Sunglasses,shopify_product_15538287706452
Saint Laurent,Saint Laurent Printed Acetate SL 662 Sunglasses,shopify_product_15532120408404
Saint Laurent,Saint Laurent Printed Acetate SL 662 Sunglasses,shopify_product_15545337413972
Saint Laurent,Saint Laurent Printed Acetate SL 662 Sunglasses,shopify_product_15546115555668
Saint Laurent,Saint Laurent Printed Acetate SL 662 Sunglasses,shopify_product_15546655998292
Saint Laurent,Saint Laurent Printed Acetate SL 662 Sunglasses,shopify_product_15547283997012
Saint Laurent,Saint Laurent Printed Acetate SL 662 Sunglasses,shopify_product_15539824755028
Saint Laurent,Saint Laurent Printed Acetate SL 662 Sunglasses,shopify_product_15552340787540
Saint Laurent,Saint Laurent Printed Acetate SL 662 Sunglasses,shopify_product_15552432210260
Saint Laurent,Saint Laurent Printed Acetate SL 662 Sunglasses,shopify_product_15547684782420
Saint Laurent,Saint Laurent Printed Acetate SL 662 Sunglasses,shopify_product_15548602876244
Saint Laurent,Saint Laurent Printed Acetate SL 662 Sunglasses,shopify_product_15540902265172
Saint Laurent,Saint Laurent Printed Acetate SL 662 Sunglasses,shopify_product_15545158500692
Saint Laurent,Saint Laurent Printed Acetate SL 662 Sunglasses,shopify_product_15548520825172
Saint Laurent,Saint Laurent Printed Acetate SL 662 Sunglasses,shopify_product_15551330681172
Saint Laurent,Saint Laurent Printed Acetate SL 662 Sunglasses,shopify_product_15551962906964
Saint Laurent,Saint Laurent Printed Acetate SL 662 Sunglasses,shopify_product_15552138674516
Saint Laurent,Saint Laurent Printed Acetate SL 662 Sunglasses,shopify_product_15552195920212
Saint Laurent,Saint Laurent Printed Canvas Sneakers,shopify_product_15028320960852
Saint Laurent,Saint Laurent Relaxed Straight Jeans,shopify_product_15357461234004
Saint Laurent,Saint Laurent Ring Leather Flat Sandals,shopify_product_15028321091924
Saint Laurent,Saint Laurent SL 619 Sunglasses,shopify_product_15355085422932
Saint Laurent,Saint Laurent SL 690 Aviator Sunglasses,shopify_product_15355085455700
Saint Laurent,Saint Laurent Satin Coat,shopify_product_15028321222996
Saint Laurent,Saint Laurent Satin Long Dress,shopify_product_15028321354068
Saint Laurent,Saint Laurent Satin Long Dress,shopify_product_15487809716564
Saint Laurent,Saint Laurent Satin Long Dress,shopify_product_15489321238868
Saint Laurent,Saint Laurent Satin Long Dress,shopify_product_15532586139988
Saint Laurent,Saint Laurent Satin Long Dress,shopify_product_15533444202836
Saint Laurent,Saint Laurent Satin Long Dress,shopify_product_15534514635092
Saint Laurent,Saint Laurent Satin Long Dress,shopify_product_15534868889940
Saint Laurent,Saint Laurent Satin Long Dress,shopify_product_15535219573076
Saint Laurent,Saint Laurent Satin Long Dress,shopify_product_15538367660372
Saint Laurent,Saint Laurent Satin Long Dress,shopify_product_15532240109908
Saint Laurent,Saint Laurent Satin Long Dress,shopify_product_15545172296020
Saint Laurent,Saint Laurent Satin Long Dress,shopify_product_15545435259220
Saint Laurent,Saint Laurent Satin Long Dress,shopify_product_15546258260308
Saint Laurent,Saint Laurent Satin Long Dress,shopify_product_15546759512404
Saint Laurent,Saint Laurent Satin Long Dress,shopify_product_15547405959508
Saint Laurent,Saint Laurent Satin Long Dress,shopify_product_15552350945620
Saint Laurent,Saint Laurent Satin Long Dress,shopify_product_15553559396692
Saint Laurent,Saint Laurent Satin Long Dress,shopify_product_15547781972308
Saint Laurent,Saint Laurent Satin Long Dress,shopify_product_15539861553492
Saint Laurent,Saint Laurent Satin Long Dress,shopify_product_15551982993748
Saint Laurent,Saint Laurent Silk Crepe Muslin Shirt,shopify_product_15028321485140
Saint Laurent,Saint Laurent Silk Pants,shopify_product_15357459726676
Saint Laurent,Saint Laurent Silk Pants,shopify_product_15534941667668
Saint Laurent,Saint Laurent Smith Leather Sneakers,shopify_product_15028321583444
Saint Laurent,Saint Laurent Solferino Medium Shoulder Bag,shopify_product_15028316766548
Saint Laurent,Saint Laurent Teddy Full Zip Jacket,shopify_product_15355815526740
Saint Laurent,Saint Laurent Tribute Eel Leather Flat Sandals,shopify_product_15028321812820
Saint Laurent,Saint Laurent Tribute Leather Sandals,shopify_product_15028321911124
Saint Laurent,Saint Laurent Twill Teddy Bomber Jacket,shopify_product_15355815592276
Saint Laurent,Saint Laurent Vanessa Denim Jeans,shopify_product_15028322042196
Saint Laurent,Saint Laurent Velvet Long Dress,shopify_product_15028322140500
Saint Laurent,Saint Laurent Wool Dress,shopify_product_15028322238804
Saint Laurent,Saint Laurent Wool Oversize Coat,shopify_product_15048337031508
Saint Laurent,Saint Laurent wool Coat,shopify_product_15048336900436
Saint Laurent,Saint Laurent wool coat,shopify_product_15048337097044
Saint Laurent,Saint laurent Metal SL690 Sunglasses,shopify_product_15355085488468
Saint Laurent,Saint laurent Wyatt Jodhpur Ankle Boots,shopify_product_15062270083412
Salvatore Ferragamo,Salvatore Ferragamo Arch Hobo Shoulder Bag,shopify_product_15028296745300
Salvatore Ferragamo,Salvatore Ferragamo Arizona Loafers,shopify_product_15028294287700
Salvatore Ferragamo,Salvatore Ferragamo Cotton And Silk Pants,shopify_product_15357459005780
Salvatore Ferragamo,Salvatore Ferragamo Cotton T-Shirt,shopify_product_15028294451540
Salvatore Ferragamo,Salvatore Ferragamo Elina Leather Sandals,shopify_product_15028294615380
Salvatore Ferragamo,Salvatore Ferragamo Fort Leather Loafers,shopify_product_15028294746452
Salvatore Ferragamo,Salvatore Ferragamo Foster Leaher Loafers,shopify_product_15028294910292
Salvatore Ferragamo,Salvatore Ferragamo Gray Loafers,shopify_product_15028294877524
Salvatore Ferragamo,Salvatore Ferragamo Gray Loafers,shopify_product_15028302676308
Salvatore Ferragamo,Salvatore Ferragamo Lane Lace-Up Derbies,shopify_product_15028295205204
Salvatore Ferragamo,Salvatore Ferragamo Leather Boots,shopify_product_15028295401812
Salvatore Ferragamo,Salvatore Ferragamo Leather Sandals,shopify_product_15028295532884
Salvatore Ferragamo,Salvatore Ferragamo Lou Leather Sandals,shopify_product_15028295663956
Salvatore Ferragamo,Salvatore Ferragamo Maryan Leather Loafers,shopify_product_15028295827796
Salvatore Ferragamo,Salvatore Ferragamo NIMA KNIT Sneakers,shopify_product_15028292026708
Salvatore Ferragamo,Salvatore Ferragamo Quilted Bomber Jacket,shopify_product_15028295991636
Salvatore Ferragamo,Salvatore Ferragamo Ree Leather Loafers,shopify_product_15028296089940
Salvatore Ferragamo,Salvatore Ferragamo Rolo 17 Moccasins,shopify_product_15028323352916
Salvatore Ferragamo,Salvatore Ferragamo SALAMANCA Suede Loafers,shopify_product_15028302840148
Salvatore Ferragamo,Salvatore Ferragamo STUART Leather Loafers,shopify_product_15028303200596
Salvatore Ferragamo,Salvatore Ferragamo Silk And Linen Pants,shopify_product_15357459071316
Salvatore Ferragamo,Salvatore Ferragamo Spencer Loafers,shopify_product_15028303003988
Salvatore Ferragamo,Salvatore Ferragamo Spice Leather Loafers,shopify_product_15028303364436
Salvatore Ferragamo,Salvatore Ferragamo Spice Leather Loafers,shopify_product_15028303528276
Salvatore Ferragamo,Salvatore Ferragamo Suede Loafers,shopify_product_15028323811668
Salvatore Ferragamo,Salvatore Ferragamo Varina Ballerina Flats,shopify_product_15028296221012
Salvatore Ferragamo,Salvatore Ferragamo sandal,shopify_product_15545711395156
PINKO,Sbozzare Trousers Rossi,shopify_product_12550591381844
See by Chloe,See By Chloe Hana Leather Boots,shopify_product_15028296352084
See by Chloe,See By Chloe Hana Leather Loafers,shopify_product_15028296515924
See by Chloe,See By Chloe Lory Leather Ankle Boots,shopify_product_15028296614228
See by Chloe,See By Chloe Mahalia Leather Lace-Up Boots,shopify_product_15028296778068
Self-Portrait,Self-Portrait Cut-Out Ruched Maxi Dress,shopify_product_15028296941908
Self-Portrait,Self-Portrait Lace Trim Dress,shopify_product_15028297072980
Self-Portrait,Self-Portrait Lace Trim Dress,shopify_product_15415307010388
People of Shibuya,Sensei Jacket,shopify_product_12481251344724
People of Shibuya,Sensei Jacket,shopify_product_12481249214804
People of Shibuya,Sensei Jacket,shopify_product_12481251672404
People of Shibuya,Sensei Jacket,shopify_product_12481251115348
Sergio Rossi,Sergio Rossi Godiva 090 Crack Mirror Leather Pumps,shopify_product_15028297302356
Sergio Rossi,Sergio Rossi Godiva 090 Python Effect Pumps,shopify_product_15028297433428
Sergio Rossi,Sergio Rossi Jacquard Loafers,shopify_product_15028297564500
Sergio Rossi,Sergio Rossi Leather Ankle Boots,shopify_product_15028297728340
Sergio Rossi,Sergio Rossi Leather Ballerina Flats,shopify_product_15028297892180
Sergio Rossi,Sergio Rossi Leather Boots,shopify_product_15028298056020
Sergio Rossi,Sergio Rossi Leather Espadrilles,shopify_product_15028298121556
Sergio Rossi,Sergio Rossi Leather Mules,shopify_product_15028298252628
Sergio Rossi,Sergio Rossi Madame 090 Leather Pumps,shopify_product_15028298416468
Sergio Rossi,Sergio Rossi SR Twenty Crystal Sandals,shopify_product_15028298547540
Sergio Rossi,Sergio Rossi SR1 Running Crystals Sneakers,shopify_product_15028298711380
Sergio Rossi,Sergio Rossi SR1 Running Sneakers,shopify_product_15028298842452
Patrizia Pepe,Shirt Astral Blush,shopify_product_12550571131220
Ballantyne,Shirt Black,shopify_product_12481156645204
PINKO,Shirt Cimmeri Pinko,shopify_product_15035407237460
Dolce & Gabbana,Shirt Classica,shopify_product_15423857164628
Dolce & Gabbana,Shirt Colletto Coreano,shopify_product_15423857557844
Dolce & Gabbana,Shirt Colletto Papillon,shopify_product_15423859687764
Patrizia Pepe,Shirt Corta a Short Sleeve Camel,shopify_product_12550565724500
Dolce & Gabbana,Shirt Denim Grey,shopify_product_15414455599444
Patrizia Pepe,Shirt Dreamlike,shopify_product_15414472999252
Dolce & Gabbana,Shirt Floreale,shopify_product_15414443606356
Dolce & Gabbana,Shirt Gold Black,shopify_product_15414454813012
Dolce & Gabbana,Shirt Gold Black,shopify_product_15423852740948
MC2 Saint Barth,Shirt Linen,shopify_product_12480826769748
MC2 Saint Barth,Shirt Linen,shopify_product_12480831258964
Loro Piana,Shirt Long Sleeve,shopify_product_12481121485140
Emporio Armani,Shirt M/c Navy,shopify_product_15414530507092
Loro Piana,Shirt Manica Lunga,shopify_product_15482674872660
CP Company,Shirt Mussola Light,shopify_product_15414488858964
Patrizia Pepe,Shirt Seta Clarity Yellow,shopify_product_12550583255380
Dolce & Gabbana,Shirt Silk,shopify_product_15414441476436
Dolce & Gabbana,Shirt Silk,shopify_product_15414443770196
Dolce & Gabbana,Shirt Smoking,shopify_product_15414442361172
Dolce & Gabbana,Shirt Smoking,shopify_product_15414443147604
Dolce & Gabbana,Shirt Smoking,shopify_product_15414443442516
Dolce & Gabbana,Shirt Smoking,shopify_product_15423860080980
Dolce & Gabbana,Shirt Smoking Sleeveless,shopify_product_15414442754388
ARMA,Shirt Stampa Astratta,shopify_product_15414521069908
Dolce & Gabbana,Shirt Stampa Teschi,shopify_product_15414455664980
Patrizia Pepe,Shirt Summer Toffee,shopify_product_12550578340180
Patrizia Pepe,Shirt Summer Toffee,shopify_product_12550581125460
Patrizia Pepe,Shirt Top Aquatic Camu,shopify_product_12507025801556
Ballantyne,Shirt White,shopify_product_12481472856404
Patrizia Pepe,Shirt a Short Sleeve Camel,shopify_product_12550566838612
Dolce & Gabbana,Shirt a Strisce Verticali,shopify_product_15414454583636
Dolce & Gabbana,Shirt in Jeans,shopify_product_15471445344596
Dolce & Gabbana,Shirt with Nodo,shopify_product_15414450127188
Hinnominate,Shirt with Tasche Frontali,shopify_product_12487652573524
PINKO,Shorts Arvo Pinko,shopify_product_15029977153876
Dolce & Gabbana,Shorts Azzurri,shopify_product_15423864766804
Dolce & Gabbana,Shorts Cargo,shopify_product_15423864439124
Balmain,Shorts Cargo Verdi,shopify_product_15471431582036
Hinnominate,Shorts Corti Pink,shopify_product_12481113981268
Hinnominate,Shorts Cotone Grigi,shopify_product_12481108574548
ARMA,Shorts Cotone Lilac,shopify_product_15414501638484
CP Company,Shorts Diagonal Raised,shopify_product_15414488072532
ARMA,Shorts Green Lago,shopify_product_15414518546772
Dsquared2,Shorts Icon Bianchi,shopify_product_12481144127828
Dsquared2,Shorts Icon Neri,shopify_product_12481143144788
Dsquared2,Shorts Icon Neri,shopify_product_12481144422740
Dolce & Gabbana,Shorts Lucidi Neri,shopify_product_15423857656148
Dolce & Gabbana,Shorts Neri,shopify_product_15414440329556
ARMA,Shorts Neri,shopify_product_15414520185172
Hinnominate,Shorts Pink,shopify_product_15414510551380
Loro Piana,Shorts Summertime Lino,shopify_product_12481177289044
ARMA,Shorts Tecnici Neri,shopify_product_15414520578388
Dolce & Gabbana,Shorts Zebrato,shopify_product_15414452191572
Balmain,Shorts a Quadretti,shopify_product_15482576044372
Hinnominate,Shorts in Sweatshirt Grigi,shopify_product_12481113751892
Hinnominate,Shorts in Sweatshirt with Spacchi,shopify_product_12481369375060
Dolce & Gabbana,Shorts in Technical Fabric,shopify_product_15414428500308
Dolce & Gabbana,Shorts with Ricamo,shopify_product_15414452158804
Emporio Armani,Shoulder Bag Soft Leather,shopify_product_12481015546196
Emporio Armani,Shoulder Bag Soft Leather,shopify_product_12481015710036
Emporio Armani,Shoulder Bag Soft Leather,shopify_product_12481015349588
Diesel,Skinny Fit,shopify_product_12481449984340
Elisabetta Franchi,Skirt,shopify_product_15482604421460
Dolce & Gabbana,Skirt Asimmetrica,shopify_product_15414527164756
Elisabetta Franchi,Skirt Beige,shopify_product_15482604290388
Valentino Garavani,Skirt Black,shopify_product_12550623297876
Valentino Garavani,Skirt Black & White,shopify_product_12550622347604
Balmain,Skirt Black with Bottoni,shopify_product_15482575880532
Balmain,Skirt Blu with Bottoni,shopify_product_15482573226324
Valentino Garavani,Skirt Brown,shopify_product_12550621987156
Patrizia Pepe,Skirt Clarity Yellow,shopify_product_15414531621204
Balmain,Skirt Corta,shopify_product_15482574668116
Patrizia Pepe,Skirt Dark Navy,shopify_product_12550555992404
Elisabetta Franchi,Skirt Goffrata,shopify_product_15482604126548
Patrizia Pepe,Skirt Grey Denim,shopify_product_12550533054804
Patrizia Pepe,Skirt Lino White,shopify_product_12550546325844
Dolce & Gabbana,Skirt Lucida,shopify_product_15414441279828
Hinnominate,Skirt Lunga White,shopify_product_15414509568340
Elisabetta Franchi,Skirt Malva,shopify_product_15414498197844
Dolce & Gabbana,Skirt Paiettata,shopify_product_15414440558932
Elisabetta Franchi,Skirt Scozzese,shopify_product_15414504456532
Balmain,Skirt a Quadretti,shopify_product_15482573160788
Dolce & Gabbana,Skirt a Uncinetto,shopify_product_15414458974548
Dolce & Gabbana,Skirt with Fascia Elastica,shopify_product_15414453305684
Elisabetta Franchi,Skirt with Motivo Pitone,shopify_product_15414505931092
Elisabetta Franchi,Skirt with Pliss&egrave;,shopify_product_15482600685908
Elisabetta Franchi,Skirt with Spacco,shopify_product_15414504816980
Dsquared2,Slim Jean,shopify_product_12481137705300
Patrizia Pepe,Sneakers Pelle Bianche,shopify_product_15035404910932
Patrizia Pepe,Sneakers Pelle Black,shopify_product_15035405107540
Sportmax,Sportmax Asti Shirt,shopify_product_15357459857748
Sportmax,Sportmax Nilly Cotton Denim Jeans,shopify_product_15357460709716
Sportmax,Sportmax Nilly Cotton Denim Jeans,shopify_product_15427236823380
Stella McCartney,Stella McCartney Black Alter Mat Trace Ankle Boots,shopify_product_15028299006292
Stella McCartney,Stella McCartney Black Alter Mat Trace Ankle Boots,shopify_product_15018002415956
Stella McCartney,Stella McCartney Eclypse Alter Faux Suede Sneakers,shopify_product_15028299137364
Stella McCartney,Stella McCartney Eclypse Colourblock Sneakers,shopify_product_15028299301204
Stella McCartney,Stella McCartney Eclypse Colourblock Sneakers,shopify_product_15028299432276
Stella McCartney,Stella McCartney Eclypse Colourblock Sneakers,shopify_product_15018002612564
Stella McCartney,Stella McCartney Eclypse Sneakers,shopify_product_15028299596116
Stella McCartney,Stella McCartney Falabella Chain Top,shopify_product_15028299694420
Stella McCartney,Stella McCartney Falabella Chain Top,shopify_product_15018002809172
Stella McCartney,Stella McCartney Gaia Canvas Espadrilles,shopify_product_15028299825492
Stella McCartney,Stella McCartney Gaia Canvas Espadrilles,shopify_product_15018002907476
Stella McCartney,Stella McCartney High-Waist Tailored Trousers,shopify_product_15028299989332
Stella McCartney,Stella McCartney Logo Canvas Espadrilles,shopify_product_15028300153172
Stella McCartney,Stella McCartney Pastel Multicolor Eclypse Sneakers,shopify_product_15028300284244
Stella McCartney,Stella McCartney Silk Dress,shopify_product_15028300382548
Stella McCartney,Stella McCartney Silk Dress,shopify_product_15018003235156
Stella McCartney,Stella McCartney Trace Alter Sporty Mat Loafers,shopify_product_15028300513620
Stella McCartney,Stella McCartney Wool Coat,shopify_product_15048337129812
Stella McCartney,Stella Mccartney Air Slides,shopify_product_15028300775764
Stella McCartney,Stella Mccartney Air Slides,shopify_product_15028300644692
Stella McCartney,Stella Mccartney Blazer Jacket,shopify_product_15028300906836
Stella McCartney,Stella Mccartney Blazer Jacket,shopify_product_15018003464532
Stella McCartney,Stella Mccartney Cotton Dress,shopify_product_15028301037908
Stella McCartney,Stella Mccartney Cropped Leather Effect Pants,shopify_product_15028301201748
Stella McCartney,Stella Mccartney Cropped Leather Effect Pants,shopify_product_15018003693908
Stella McCartney,Stella Mccartney Cropped Logo Pants,shopify_product_15028301365588
Stella McCartney,Stella Mccartney Cropped Logo Pants,shopify_product_15018003824980
Stella McCartney,Stella Mccartney Cut Out Jumpsuit,shopify_product_15028301463892
Stella McCartney,Stella Mccartney Cut Shoulders Dress,shopify_product_15028301627732
Stella McCartney,Stella Mccartney Denim Dress,shopify_product_15028301791572
Stella McCartney,Stella Mccartney Denim Pants,shopify_product_15028301824340
Stella McCartney,Stella Mccartney Denim Pants,shopify_product_15018003988820
Stella McCartney,Stella Mccartney Denim Shirt Dress,shopify_product_15028302020948
Stella McCartney,Stella Mccartney Denim Shorts,shopify_product_15028302184788
Stella McCartney,Stella Mccartney Denim Shorts,shopify_product_15028302381396
Stella McCartney,Stella Mccartney Denim Shorts,shopify_product_15018004054356
Stella McCartney,Stella Mccartney Gamer Knit Skirt,shopify_product_15028302512468
Stella McCartney,Stella Mccartney Gamer Knit Skirt,shopify_product_15018004152660
Stella McCartney,Stella Mccartney Logo Skirt,shopify_product_15028302610772
Stella McCartney,Stella Mccartney Logo Slippers,shopify_product_15028302807380
Stella McCartney,Stella Mccartney Logo Slippers,shopify_product_15018004316500
Stella McCartney,Stella Mccartney Logo Wool Pants,shopify_product_15028302938452
Stella McCartney,Stella Mccartney Long Sleeved Dress,shopify_product_15028303102292
Stella McCartney,Stella Mccartney Off-Shoulder Dress,shopify_product_15028303233364
Stella McCartney,Stella Mccartney Printed Skirt,shopify_product_15028303397204
Stella McCartney,Stella Mccartney Printed Skirt,shopify_product_15018004644180
Stella McCartney,Stella Mccartney Silk Cut-Out Maxi Dress,shopify_product_15028303561044
Stella McCartney,Stella Mccartney Skyla Rain Boots,shopify_product_15028303692116
Stella McCartney,Stella Mccartney Skyla Rain Boots,shopify_product_15018004775252
Stella McCartney,Stella Mccartney Sport Pants,shopify_product_15028303855956
Stella McCartney,Stella Mccartney Sport Pants,shopify_product_15018004840788
Stella McCartney,Stella Mccartney Sport Pants,shopify_product_15533471301972
Stella McCartney,Stella Mccartney Sport Pants,shopify_product_15534925578580
Stella McCartney,Stella Mccartney Tie-Dye Denim Jeans,shopify_product_15028303987028
Stella McCartney,Stella Mccartney Tie-Dye Denim Jeans,shopify_product_15533471400276
Stella McCartney,Stella Mccartney Tie-Dye Denim Jeans,shopify_product_15534925840724
Patrizia Pepe,Stivaletti Pelle Black,shopify_product_15038946378068
Patrizia Pepe,Stivaletti Pelle Carrarmato,shopify_product_15038940315988
Stone Island,Stone Island  Printed Brushed Gilet,shopify_product_15355815002452
Dolce & Gabbana,Stretch Washed Style Jeans,shopify_product_15423856804180
Stuart Weitzman,Stuart Weitzman Fur Slippers,shopify_product_15028304150868
Stuart Weitzman,Stuart Weitzman Signature Square Leather Loafers,shopify_product_15028304281940
Dolce & Gabbana,Suit Double-Breasted Gessato,shopify_product_15414439313748
Loro Piana,Suit Double-Breasted Gessato,shopify_product_15482598687060
Loro Piana,Suit Double-Breasted Gessato,shopify_product_15482598850900
Loro Piana,Suit Double-Breasted Lana & Seta,shopify_product_15482601079124
Loro Piana,Suit Lana & Seta Blu,shopify_product_15482601636180
Loro Piana,Suit Lana & Seta White,shopify_product_15482602193236
Loro Piana,Suit Lana Blu,shopify_product_15482597146964
Ermenegildo Zegna,Suit Lana Blu Principe Galles,shopify_product_15482572210516
Loro Piana,Suit Lana Brown,shopify_product_15482597310804
Ermenegildo Zegna,Suit Lana Gessato Blu,shopify_product_15482572865876
Ermenegildo Zegna,Suit Lana Gessato Blu,shopify_product_15482573586772
Ermenegildo Zegna,Suit Lana Gessato Blu,shopify_product_15482573914452
Ermenegildo Zegna,Suit Lana Gessato Grey,shopify_product_15482573062484
Ermenegildo Zegna,Suit Lana Gessato Purple,shopify_product_15482572144980
Ermenegildo Zegna,Suit Lana Green Army,shopify_product_15482572407124
Ermenegildo Zegna,Suit Lana Principe Galles,shopify_product_15482571751764
Loro Piana,Suit Misto Lana & Seta,shopify_product_15482596852052
Loro Piana,Suit Misto Lana & Seta,shopify_product_15482597376340
Dolce & Gabbana,Sweater Crewneck Striped,shopify_product_15423860441428
Hinnominate,Sweatshirt,shopify_product_15414510649684
Hinnominate,Sweatshirt All Zip,shopify_product_15414510256468
ARMA,Sweatshirt All Zip Lilac,shopify_product_15414501474644
Hinnominate,Sweatshirt Black,shopify_product_12481105887572
Hinnominate,Sweatshirt Cappuccio All-zip,shopify_product_12481107198292
Hinnominate,Sweatshirt Cappuccio White,shopify_product_12481120469332
Hinnominate,Sweatshirt Cappuccio with Tasca,shopify_product_12481349288276
Balmain,Sweatshirt Crewneck Beige,shopify_product_15471442035028
ARMA,Sweatshirt Crewneck Multicolor,shopify_product_15414519955796
CP Company,Sweatshirt Crewneck Red,shopify_product_15482582597972
Palm Angels,Sweatshirt Crewneck Yellow,shopify_product_15414515597652
ARMA,Sweatshirt Crewneck with Zip,shopify_product_15414518120788
CP Company,Sweatshirt Diagonal with Goggles,shopify_product_15414489481556
CP Company,Sweatshirt Diagonal with Goggles,shopify_product_15414493643092
CP Company,Sweatshirt Diagonal with Goggles,shopify_product_15414493872468
CP Company,Sweatshirt Diagonal with Goggles,shopify_product_15414494363988
CP Company,Sweatshirt Diagonal with Goggles,shopify_product_15414494855508
CP Company,Sweatshirt Diagonal with Goggles,shopify_product_15414494658900
Hinnominate,Sweatshirt Green,shopify_product_15414507143508
Palm Angels,Sweatshirt Grey,shopify_product_15414515761492
ARMA,Sweatshirt Multicolor,shopify_product_15414516711764
CP Company,Sweatshirt Polo Collar,shopify_product_15414485287252
CP Company,Sweatshirt Polo Collar,shopify_product_15414484402516
People of Shibuya,Sweatshirt Shomu White,shopify_product_12481465352532
Dolce & Gabbana,Sweatshirt Silk,shopify_product_15471443444052
Hinnominate,Sweatshirt Sky Blue Cappuccio,shopify_product_12481103036756
Hinnominate,Sweatshirt Sleeveless Beige,shopify_product_12481117946196
Dolce & Gabbana,Sweatshirt Stampa Logo,shopify_product_15471443837268
Balmain,Sweatshirt Stampa Pattern,shopify_product_15423868535124
Hinnominate,Sweatshirt in Spugna,shopify_product_15414508880212
Dolce & Gabbana,Sweatshirt with Bande Logate,shopify_product_15471445246292
CP Company,Sweatshirt with Goggles,shopify_product_15414495117652
CP Company,Sweatshirt with Goggles,shopify_product_15414496002388
CP Company,Sweatshirt with Goggles,shopify_product_15414496035156
Vilebrequin,Swim Bermuda Shorts Flowers Vintage,shopify_product_15035402191188
Vilebrequin,Swim Bermuda Shorts Paradise Vintage,shopify_product_15035402387796
Casablanca,T-Shirt Vue De Damas,shopify_product_15414527328596
Balmain,T-shirt Balmain Logo Vellutino,shopify_product_15471444066644
Balmain,T-shirt Balmain Paris,shopify_product_15423870697812
Balmain,T-shirt Balmain Paris,shopify_product_15471445737812
Balmain,T-shirt Balmain Paris,shopify_product_15471445901652
Balmain,T-shirt Balmain Paris Fluo,shopify_product_15423870894420
Balmain,T-shirt Balmain Paris Teal,shopify_product_15423870501204
Casablanca,T-shirt Casa Way Mountain,shopify_product_15414526214484
Dolce & Gabbana,T-shirt Classic Edition,shopify_product_15414428795220
Dolce & Gabbana,T-shirt Crewneck,shopify_product_15414431613268
Balmain,T-shirt Cropped Balmain Paris,shopify_product_15482581123412
Dolce & Gabbana,T-shirt DGVibe,shopify_product_15414428598612
Hinnominate,T-shirt Grey Pietra,shopify_product_12481117421908
Hinnominate,T-shirt Logo Embossed,shopify_product_12481106018644
Hinnominate,T-shirt M/m Green,shopify_product_12481116963156
Balmain,T-shirt M/m Over,shopify_product_12481059193172
Hinnominate,T-shirt M/m White,shopify_product_12481117159764
Dolce & Gabbana,T-shirt Monocromo,shopify_product_15414429221204
ARMA,T-shirt Orange,shopify_product_15414516941140
Balmain,T-shirt Sleeveless Bottoni Dorati,shopify_product_15482582401364
Balmain,T-shirt Stampa Logo Comic,shopify_product_15471446557012
Balmain,T-shirt Stampa Logo Gommato,shopify_product_15471446458708
Balmain,T-shirt Stampa Logo Silver,shopify_product_15423870173524
Casablanca,T-shirt Tennis Club,shopify_product_12481207894356
Casablanca,T-shirt Tennis Club,shopify_product_12481207599444
Dolce & Gabbana,T-shirt with Stampa,shopify_product_15414428664148
Balmain,Tank Top Black Logo,shopify_product_15482577748308
Dolce & Gabbana,Tank Top Blu,shopify_product_15414430237012
Balmain,Tank Top Green Logo,shopify_product_15482576634196
Balmain,Tank Top Logo Dorato,shopify_product_15482577944916
Balmain,Tank Top Logo Silver Mirrored,shopify_product_15471443640660
Dolce & Gabbana,Tank Top Seta,shopify_product_15414430040404
Hinnominate,Tank Top in Bielastico,shopify_product_12481103364436
Diesel,Tepphar-x Denim Black,shopify_product_12481484030292
The Attico,The Attico AMANDA Loafers,shopify_product_15028304413012
The Attico,The Attico Amanda Leather Loafers,shopify_product_15028304576852
The Attico,The Attico Cheope 105 Leather Sandals,shopify_product_15028304740692
The Attico,The Attico Cotton Shirt Red,shopify_product_12550502121812
The Attico,The Attico Dress Black,shopify_product_12550524993876
The Attico,The Attico Dress Black,shopify_product_12550523486548
The Attico,The Attico Dress Blue,shopify_product_12550556549460
The Attico,The Attico Dress Green,shopify_product_12550523355476
The Attico,The Attico Dress Multicolour,shopify_product_12550519423316
The Attico,The Attico Dress White,shopify_product_12550518276436
The Attico,The Attico Ester Mismatch 95 Sandals,shopify_product_15018005168468
The Attico,The Attico Indie Thong Flat Slides,shopify_product_15028304970068
The Attico,The Attico Lycra Skirt,shopify_product_12550468632916
The Attico,The Attico Mini Devon 85 Leather Sandals,shopify_product_15028305133908
The Attico,The Attico Rene&egrave; Satin Sandals,shopify_product_15028292518228
The Attico,The Attico Ribbed Dress Brown,shopify_product_12550626836820
The Attico,The Attico Skirt Black,shopify_product_12550627295572
The Attico,The Attico Skirt Black,shopify_product_12550626705748
The Attico,The Attico Skirt Black,shopify_product_12550469878100
The Attico,The Attico Skirt Black,shopify_product_12550627393876
The Attico,The Attico Skirt Black,shopify_product_12550470369620
The Attico,The Attico Skirt Grey,shopify_product_12550469648724
The Attico,The Attico Skirt White,shopify_product_12550510543188
The Attico,The Attico Sweater Multicolour,shopify_product_12550518964564
The Attico,The Attico Sweatshirt Green,shopify_product_12550524436820
The Attico,The Attico Top Black,shopify_product_12550625657172
The Attico,The Attico Top White,shopify_product_12550511001940
The Attico,The Attico Top White,shopify_product_12550508314964
The Attico,The Attico Trousers Black,shopify_product_12550626935124
The Attico,The Attico Viscose Dress Beige,shopify_product_12550522470740
The Attico,The Attico Wool Blend Taloired Pants,shopify_product_15357459300692
The Attico,The Attico Wool Skirt Beige,shopify_product_12550627098964
The Row,The Row Cary Leather Loafers,shopify_product_15028305297748
The Row,The Row Mabel Leather Loafers,shopify_product_15380589183316
The Row,The Row Tippi Leather Loafers,shopify_product_15028305985876
The Attico,The attico Jersey Mini Dress,shopify_product_15357461430612
PINKO,Thira Blusa Satin Stretch,shopify_product_12550587908436
Thom Browne,Thom Browne 4- Bar Wool Cardigan,shopify_product_15357456449876
Thom Browne,Thom Browne Cotton Cardigan,shopify_product_15357456384340
Thom Browne,Thom Browne Wool Cardigan,shopify_product_15357456318804
Kenzo,Tiger Crew Knit,shopify_product_15482928300372
PINKO,Titone Top Pink,shopify_product_12550609469780
PINKO,Titone Top Pink,shopify_product_12550612681044
PINKO,Titone Top Red,shopify_product_12550587646292
Tod's,Tod's Leather Loafers,shopify_product_15028306313556
Tod's,Tod's Leather Loafers,shopify_product_15028306575700
Tod's,Tod's Leather Loafers,shopify_product_15018005889364
Tom Ford,Tom Ford Black Cashmere Blend Riding Leggings,shopify_product_15546186596692
Tom Ford,Tom Ford Black Draped Viscose Dress with Bustier Detail,shopify_product_15546187350356
Tom Ford,Tom Ford Black Stretch Denim Flared Jeans,shopify_product_15546166247764
Tom Ford,Tom Ford Black Velvet Long Sleeve Sweater,shopify_product_15546179584340
Tom Ford,Tom Ford Bow Ties Multicolor,shopify_product_15545769951572
Tom Ford,Tom Ford Bras Black,shopify_product_15394825634132
Tom Ford,Tom Ford Cashmere Shirt,shopify_product_15060992098644
Tom Ford,Tom Ford Cotton Cargo Pants,shopify_product_15357459202388
Tom Ford,Tom Ford Croissant Sequin Hoop Earrings,shopify_product_15546274447700
Tom Ford,Tom Ford Croissant Sequin Hoop Earrings,shopify_product_15546275103060
Tom Ford,Tom Ford Denim Jeans,shopify_product_15357460873556
Tom Ford,Tom Ford Double-Breasted Blazer,shopify_product_15355815264596
Tom Ford,Tom Ford Floral Shirt,shopify_product_15357456646484
Tom Ford,Tom Ford Gray/Black Houndstooth Print Silk Bow Tie,shopify_product_15546384253268
Tom Ford,Tom Ford Gray/Black Knitwear-Effect Silk Bow Tie,shopify_product_15546384417108
Tom Ford,Tom Ford Green Silk Pocket Square,shopify_product_15546382975316
Tom Ford,Tom Ford Leather Card Holder,shopify_product_15546221920596
Tom Ford,Tom Ford Lurex Crochet Maxi Dress,shopify_product_15357461332308
Tom Ford,Tom Ford Pocket Squares Beige,shopify_product_15546383794516
Tom Ford,Tom Ford Pocket Squares Green,shopify_product_15546382188884
Tom Ford,Tom Ford Pocket Squares Light Grey,shopify_product_15546383171924
Tom Ford,Tom Ford Pocket Squares Light Grey,shopify_product_15546383434068
Tom Ford,Tom Ford Pocket Squares Pink,shopify_product_15546381599060
Tom Ford,Tom Ford Sheer Fine-Ribbed Top,shopify_product_15028322566484
Tom Ford,Tom Ford Skirts Black,shopify_product_15546272055636
Tom Ford,Tom Ford Slim Elegant Trousers,shopify_product_15546177945940
Tom Ford,Tom Ford Small Polka Dot Silk Pocket Square,shopify_product_15546382483796
Tom Ford,Tom Ford Sweatpants,shopify_product_15357459136852
Tom Ford,Tom Ford White Draped Skirt with Lace Detail,shopify_product_15546185515348
Tom Ford,Tom Ford black silk sleeveless top,shopify_product_15546216317268
Tommy Hilfiger,Tommy Hilfiger Alaska Black Polyester Women Puffer Jacket,shopify_product_12395570659668
Elisabetta Franchi,Top Borchiato,shopify_product_15482602553684
Dolce & Gabbana,Top Cropped a Short Sleeve,shopify_product_15414454878548
Hinnominate,Top Fitness,shopify_product_12481088848212
Hinnominate,Top Fitness Black,shopify_product_12481102643540
Patrizia Pepe,Top Pink Flower,shopify_product_12550560416084
Balmain,Top Red,shopify_product_15482572702036
Dolce & Gabbana,Top Semi Trasparente,shopify_product_15414453371220
Patrizia Pepe,Top Sunny Lime,shopify_product_12507025572180
PINKO,Top Titone Pinko,shopify_product_15029977219412
Patrizia Pepe,Top Utopia Grey Stripes,shopify_product_12550529483092
The Attico,Top Vivid Blu,shopify_product_12550525518164
Elisabetta Franchi,Top White with Coulisse,shopify_product_15482603897172
Patrizia Pepe,Top White with Lace,shopify_product_12550538461524
Balmain,Top a Costine,shopify_product_15482574602580
PINKO,Top trovato pinko,shopify_product_15488097681748
Lardini,Top with Gold Tulle Sleeves and Sash,shopify_product_15545730007380
Elisabetta Franchi,Top with Sbuffo,shopify_product_15482603831636
Elisabetta Franchi,Top with Studs,shopify_product_15482600489300
Montblanc,Tote Bag Leather,shopify_product_12480821363028
Emporio Armani,Tote Bag Mini White,shopify_product_12481014858068
Montblanc,Trolley Business,shopify_product_12480824050004
Elisabetta Franchi,Trousers Aderenti Purple,shopify_product_15482602389844
Hinnominate,Trousers Beige,shopify_product_12481108705620
Hinnominate,Trousers Beige,shopify_product_15414511927636
PINKO,Trousers Bello Pinko,shopify_product_15035405599060
Patrizia Pepe,Trousers Bianchi,shopify_product_12550535414100
ARMA,Trousers Black,shopify_product_15414518907220
Patrizia Pepe,Trousers Blu Ray,shopify_product_12481000866132
Elisabetta Franchi,Trousers Cappuccino,shopify_product_15482597835092
Patrizia Pepe,Trousers Cargo,shopify_product_12550544752980
Hinnominate,Trousers Cargo,shopify_product_15414509437268
ARMA,Trousers Cargo,shopify_product_15414521430356
Hinnominate,Trousers Cargo Grigi,shopify_product_12481102217556
Balmain,Trousers Cargo Verdi,shopify_product_15471431319892
ARMA,Trousers Cargo in Triacetato,shopify_product_15414520447316
Patrizia Pepe,Trousers Coconut White,shopify_product_12550583419220
Dolce & Gabbana,Trousers Cotton,shopify_product_15423851037012
Dolce & Gabbana,Trousers Denim Elasticizzato,shopify_product_15423849922900
Dolce & Gabbana,Trousers Denim Regular,shopify_product_15423850414420
Patrizia Pepe,Trousers Dreamlike Yellow,shopify_product_12550584369492
Patrizia Pepe,Trousers Dreamlike Yellow,shopify_product_12550583943508
Dolce & Gabbana,Trousers Effetto Usurato,shopify_product_15423842779476
Hinnominate,Trousers Embossed Logo,shopify_product_12481106674004
Dolce & Gabbana,Trousers Fantasia Siciliana,shopify_product_15414468804948
PINKO,Trousers Flora Pinko,shopify_product_15029976727892
Dolce & Gabbana,Trousers Floral Print,shopify_product_15414463103316
Elisabetta Franchi,Trousers Floral Print,shopify_product_15482602488148
Dolce & Gabbana,Trousers Floreali,shopify_product_15414471983444
Patrizia Pepe,Trousers Futuristic,shopify_product_15414464184660
PINKO,Trousers Galanti Pinko,shopify_product_15035406057812
Patrizia Pepe,Trousers Giam,shopify_product_15414471688532
Patrizia Pepe,Trousers Grey Melange,shopify_product_12550538264916
Hinnominate,Trousers Grigi,shopify_product_15414509371732
Balmain,Trousers Jogging Camel,shopify_product_15471439479124
Balmain,Trousers Jogging Grigi,shopify_product_15471432925524
Balmain,Trousers Jogging Grigi,shopify_product_15471435972948
Balmain,Trousers Jogging Neri,shopify_product_15471440068948
Hinnominate,Trousers Knitwear Mint,shopify_product_12481496645972
Patrizia Pepe,Trousers Martian,shopify_product_15414472737108
Patrizia Pepe,Trousers Mineral Green,shopify_product_12550555631956
Dolce & Gabbana,Trousers Natura,shopify_product_15414472474964
Hinnominate,Trousers Neri,shopify_product_15414506815828
Balmain,Trousers Neri Eleganti,shopify_product_15471447605588
Hinnominate,Trousers Nylon Aloe,shopify_product_12481110180180
Hinnominate,Trousers Nylon Brown,shopify_product_12481109623124
Hinnominate,Trousers Nylon Sand,shopify_product_12481109885268
Hinnominate,Trousers Palazzo Aqua,shopify_product_12481118339412
Hinnominate,Trousers Palazzo Neri,shopify_product_12481118142804
PINKO,Trousers Petreo Pinko,shopify_product_15035405631828
Hinnominate,Trousers Pink,shopify_product_15414509142356
PINKO,Trousers Prometeo Multicolor,shopify_product_12550607733076
Hinnominate,Trousers Purple,shopify_product_15414510715220
Patrizia Pepe,Trousers Regular Beige,shopify_product_12550541607252
Patrizia Pepe,Trousers Rossi,shopify_product_12550580765012
Dolce & Gabbana,Trousers Seta Lucidi,shopify_product_15423842484564
Patrizia Pepe,Trousers Skinny Grigi,shopify_product_12550540034388
Hinnominate,Trousers Sky Blue,shopify_product_12481108934996
Patrizia Pepe,Trousers Stretch Blu,shopify_product_12550546719060
Hinnominate,Trousers Sweatshirt Grigi,shopify_product_12481102348628
Hinnominate,Trousers Sweatshirt Marroni,shopify_product_12481101955412
Dolce & Gabbana,Trousers Tecnico,shopify_product_15423843270996
Dolce & Gabbana,Trousers Tecnico,shopify_product_15423845630292
ARMA,Trousers Triacetato,shopify_product_15414531686740
ARMA,Trousers Tuta Multicolor,shopify_product_15414520119636
Dolce & Gabbana,Trousers Tuta Neri,shopify_product_15423842976084
Dolce & Gabbana,Trousers Tuta Neri,shopify_product_15423845335380
Patrizia Pepe,Trousers Utopia Grey,shopify_product_12550529941844
Patrizia Pepe,Trousers Velluto Black,shopify_product_12502807773524
CP Company,Trousers Verdi,shopify_product_12481209729364
Hinnominate,Trousers Verdi,shopify_product_15414507569492
Dolce & Gabbana,Trousers Very Dark Blue,shopify_product_15423857361236
Hinnominate,Trousers Vita Alta,shopify_product_12481118568788
Hinnominate,Trousers Vita Alta Purple,shopify_product_12481097171284
Dolce & Gabbana,Trousers Zebrato,shopify_product_15414452322644
Balmain,Trousers a Zampa Bianchi,shopify_product_15482580009300
Hinnominate,Trousers in Bull Denim,shopify_product_12481089732948
Dolce & Gabbana,Trousers in Denim,shopify_product_15423850611028
Dolce & Gabbana,Trousers in Denim Black,shopify_product_15423846220116
Dolce & Gabbana,Trousers in Denim Cargo,shopify_product_15423847399764
Dolce & Gabbana,Trousers in Denim with Studs,shopify_product_15423849464148
Hinnominate,Trousers in Nylon,shopify_product_15414507209044
Dolce & Gabbana,Trousers with Couisse,shopify_product_15414440821076
Dolce & Gabbana,Trousers with Couisse,shopify_product_15414447964500
Elisabetta Franchi,Trousers with Motivo a Fiori,shopify_product_15482603209044
Elisabetta Franchi,Trousers with Pieghe,shopify_product_15414498885972
ARMA,Trousers with Stampe,shopify_product_15414522478932
Elisabetta Franchi,Tubino Pink Satinato,shopify_product_15482598555988
Lardini,Tulle Dress with Gold Applications,shopify_product_15545753567572
ELLI,Turtleneck Cashmere,shopify_product_12481499398484
ELLI,Turtleneck Cashmere,shopify_product_12481499693396
ELLI,Turtleneck Cashmere,shopify_product_12481499890004
ELLI,Turtleneck Cashmere,shopify_product_12481500053844
ELLI,Turtleneck Cashmere,shopify_product_12481500250452
ELLI,Turtleneck Cashmere,shopify_product_12481500447060
Malone Souliers,Turtleneck Misto Cashmere Navy,shopify_product_12481283359060
Malone Souliers,Turtleneck Misto Cashmere Zaffiro,shopify_product_12481283588436
Malone Souliers,Turtleneck Trecce Calamita,shopify_product_12481291616596
Malone Souliers,Turtleneck Trecce Ice Blu,shopify_product_12481291223380
Elisabetta Franchi,Tuta,shopify_product_15482597736788
Hinnominate,Tuta Inytera with Cappuccio,shopify_product_15414510780756
Elisabetta Franchi,Tuta Sequins Black,shopify_product_15414497902932
Elisabetta Franchi,Tuta Sequins Green,shopify_product_15482597507412
Elisabetta Franchi,Tuta with Pietre Preziose,shopify_product_15414503113044
Valentino Garavani,VALENTINO GARAVANI Bifold Rockstud Wallet,shopify_product_15028319486292
Valentino Garavani,VALENTINO GARAVANI ROCKSTUD Lace Pamps,shopify_product_15028320862548
Valentino Garavani,VALENTINO GARAVANI ROCKSTUD transparent Mules,shopify_product_15028287406420
Valentino Garavani,VALENTINO GARAVANI Rockstud Slide Sandals,shopify_product_15028320731476
Valentino Garavani,VALENTINO GARAVANI Spiral sandals,shopify_product_15028290257236
Valentino Garavani,VALENTINO GARAVANI Vlogo Slide Sandals,shopify_product_15028320469332
Valentino Garavani,VALENTINO GARAVANI Vlogo Slide Sandals,shopify_product_15028320600404
Versace,VERSACE Cotton Polo Shirt,shopify_product_15491587211604
Versace,VERSACE Denim Jacket,shopify_product_15028323189076
Versace,VERSACE Foulard Square Scarf,shopify_product_15414507077972
Versace,VERSACE La Greca Cropped Top,shopify_product_15357459956052
Valentino,Valentino Archive Patch Jeans,shopify_product_15357461037396
Valentino,Valentino Camouflage Cargo Shorts,shopify_product_15357457498452
Valentino,Valentino Camouflage Pattern Hoodie Sweatshirt,shopify_product_15357459235156
Valentino,Valentino Cotton Denim Jeans,shopify_product_15357460939092
Valentino,Valentino Cotton Jacket,shopify_product_15355815330132
Valentino,Valentino Cotton Mini Dress,shopify_product_15357461365076
Valentino,Valentino Cotton Shirt,shopify_product_15028303823188
Valentino,Valentino Cotton Shirt,shopify_product_15357457138004
Valentino,Valentino Flower Embroidery Bermuda Shorts,shopify_product_15357457269076
Valentino Garavani,Valentino Garavani Bedford Slippers,shopify_product_15028313850196
Valentino,Valentino Garavani Blazer Jacket,shopify_product_15028290650452
Valentino Garavani,Valentino Garavani Bounce Sneakers,shopify_product_15028314014036
Valentino Garavani,Valentino Garavani Canvas Logo Boots,shopify_product_15028314177876
Valentino Garavani,Valentino Garavani Chelsea boots,shopify_product_15028314276180
Valentino,Valentino Garavani Cotton Logo Sweatshirt,shopify_product_15357459104084
Valentino,Valentino Garavani Cotton Popelin Shirt,shopify_product_15357456810324
Valentino,Valentino Garavani Cotton Shirt Jacket,shopify_product_15357456744788
Valentino Garavani,Valentino Garavani Hoop Earrings,shopify_product_15369127559508
Valentino Garavani,Valentino Garavani Leather Card Holder,shopify_product_15028321943892
Valentino Garavani,Valentino Garavani Leather Card Holder,shopify_product_15028322009428
Valentino Garavani,Valentino Garavani Leather Loafers,shopify_product_15028314440020
Valentino Garavani,Valentino Garavani Leather Logo Boots,shopify_product_15028314603860
Valentino Garavani,Valentino Garavani Leather Slingback Pumps,shopify_product_15057034936660
Valentino Garavani,Valentino Garavani Leather Sneakers,shopify_product_15028314734932
Valentino,Valentino Garavani Logo Pullover,shopify_product_15028300251476
Valentino,Valentino Garavani Logo Sweater,shopify_product_15028290421076
Valentino,Valentino Garavani Logo Sweater,shopify_product_15028290814292
Valentino,Valentino Garavani Logo Sweater,shopify_product_15028300087636
Valentino Garavani,Valentino Garavani Logo-Plaque Leather Espadrilles,shopify_product_15028314866004
Valentino,Valentino Garavani Metamorphos Wall Print Bowling Shirt,shopify_product_15357457039700
Valentino Garavani,Valentino Garavani Rockstud 60 Leather Sandals,shopify_product_15028315029844
Valentino Garavani,Valentino Garavani Rockstud Card Holder,shopify_product_15028315160916
Valentino Garavani,Valentino Garavani Rockstud Flip-Flop Sandals,shopify_product_15638028976468
Valentino Garavani,Valentino Garavani Rockstud Leather Belt Bag,shopify_product_15028319617364
Valentino Garavani,Valentino Garavani Rockstud M-Way Ankle Boots,shopify_product_15028315423060
Valentino Garavani,Valentino Garavani Rockstud M-Way Loafers,shopify_product_15028315586900
Valentino Garavani,Valentino Garavani Rockstud Mules,shopify_product_15028321845588
Valentino Garavani,Valentino Garavani Rockstud Mules,shopify_product_15028320993620
Valentino Garavani,Valentino Garavani Rockstud Pumps,shopify_product_15028315717972
Valentino Garavani,Valentino Garavani Rockstud Pumps,shopify_product_15028321255764
Valentino Garavani,Valentino Garavani Rockstud Pumps,shopify_product_15028321747284
Valentino Garavani,Valentino Garavani Rockstud Pumps,shopify_product_15495266173268
Valentino Garavani,Valentino Garavani Rockstud Sandals,shopify_product_15028287570260
Valentino Garavani,Valentino Garavani Rockstud Suede Pumps,shopify_product_15028321124692
Valentino Garavani,Valentino Garavani Rockstud Untitled Sneakers,shopify_product_15028319715668
Valentino Garavani,Valentino Garavani Rockstud Wedge Mules,shopify_product_15028321648980
Valentino Garavani,Valentino Garavani Rockstud Wedge Sandals,shopify_product_15028321517908
Valentino Garavani,Valentino Garavani Rockstud Wedge Sandals,shopify_product_15028323156308
Valentino Garavani,Valentino Garavani Rockstud Wedge Sandals,shopify_product_15018010837332
Valentino Garavani,Valentino Garavani Roman Stud Leather Flat Sandals,shopify_product_15028315849044
Valentino Garavani,Valentino Garavani Roman Stud Leather Sandals,shopify_product_15028315980116
Valentino Garavani,Valentino Garavani Roman Stud Sandals,shopify_product_15028316143956
Valentino Garavani,Valentino Garavani Roman Stud Sandals,shopify_product_15028316242260
Valentino Garavani,Valentino Garavani Shoulder Bag,shopify_product_15028296909140
Valentino Garavani,Valentino Garavani Silk Dress White,shopify_product_12550625231188
Valentino Garavani,Valentino Garavani Small Tote Bag,shopify_product_15028319355220
Valentino,Valentino Garavani Sweater,shopify_product_15028288782676
Valentino,Valentino Garavani Sweater,shopify_product_15028300448084
Valentino Garavani,Valentino Garavani Toile Iconographe Pumps,shopify_product_15028316406100
Valentino Garavani,Valentino Garavani Toile Iconographe Reversible Tote Bag,shopify_product_15028297105748
Valentino,Valentino Garavani Toile Iconographe Shirt,shopify_product_15357456908628
Valentino,Valentino Garavani Toile Iconographe Swim Shorts,shopify_product_15357459562836
Valentino Garavani,Valentino Garavani Toile Iconographe Tote Bag,shopify_product_15028297269588
Valentino,Valentino Garavani Toile Iconographe shorts,shopify_product_15357457432916
Valentino Garavani,Valentino Garavani True Act Sneakers,shopify_product_15028316569940
Valentino Garavani,Valentino Garavani V Logo Signature Slides,shopify_product_15028316733780
Valentino Garavani,Valentino Garavani V logo Boots,shopify_product_15057034903892
Valentino Garavani,Valentino Garavani V-Logo Cotton Bracelet,shopify_product_15028295041364
Valentino Garavani,Valentino Garavani VLNT Espadrillas,shopify_product_15028316832084
Valentino Garavani,Valentino Garavani VLogo Cotton Bracelet,shopify_product_15028295237972
Valentino Garavani,Valentino Garavani VLogo Signature Leather Boots,shopify_product_15028316963156
Valentino Garavani,Valentino Garavani Vlogo Ankle Boots,shopify_product_15028317126996
Valentino Garavani,Valentino Garavani Vlogo Ankle Boots,shopify_product_15018012049748
Valentino Garavani,Valentino Garavani Vlogo Leather Sandals,shopify_product_15028317225300
Valentino Garavani,Valentino Garavani Vlogo Locker Medium Tote Bag,shopify_product_15028297466196
Valentino Garavani,Valentino Garavani Vlogo Signature Bracelet,shopify_product_15048336343380
Valentino Garavani,Valentino Garavani Vltn Cloud Bubble-Sole Sneakers,shopify_product_15028317389140
Valentino Garavani,Valentino Garavani Wool Sweater Cream,shopify_product_12550625493332
Valentino,Valentino Garavani Zipped Sweatshirt,shopify_product_15357459169620
Valentino,Valentino Hoodded Jacket,shopify_product_15355085619540
Valentino,Valentino Iconographe Crewneck T-Shirt,shopify_product_15355085979988
Valentino Garavani,Valentino Leather Heel Sandals,shopify_product_15028317520212
Valentino,Valentino Logo Sweatshirt,shopify_product_15357459038548
Valentino,Valentino Logo Windbreaker,shopify_product_15355085652308
Valentino,Valentino Metamorphos Wall-Print Swim Shorts,shopify_product_15357457629524
Valentino,Valentino Military Canvas Backpack,shopify_product_15028297597268
Valentino,Valentino Semi-Transparent Sweater,shopify_product_15357456515412
Valentino,Valentino Silk Dress,shopify_product_15028290945364
Valentino Garavani,Valentino Toile Iconographe Down Jacket,shopify_product_15355815395668
Valentino,Valentino Track Shorts,shopify_product_15357457695060
Valentino,Valentino Track Shorts,shopify_product_15357457858900
Valentino,Valentino V-Logo Jacket Overshirt,shopify_product_15357456679252
Valentino,Valentino VLTN Tag Shorts,shopify_product_15357457334612
Valentino,Valentino Wide Leg Denim Jeans,shopify_product_15357461102932
Valentino,Valentino Wool And Silk Trousers,shopify_product_15357459398996
Valentino Garavani,Valentino garavani Rockstud Flat Sandals,shopify_product_15028317815124
Versace,Versace All-Over Logo One-Piece Swimsuit,shopify_product_15491594879316
Versace,Versace Baroque Print Leggings,shopify_product_15495255490900
Versace,Versace Compilation Chino Trousers,shopify_product_15357459464532
Versace,Versace Contrast Collar Polo,shopify_product_15491586949460
Versace,Versace Cotton Crewneck Sweatshirt,shopify_product_15028294811988
Versace,Versace Cotton Logo Denim Jeans,shopify_product_15357461168468
Versace,Versace Cotton Logo Sweatshirt,shopify_product_15028294943060
Versace,Versace Cotton Logo Sweatshirt,shopify_product_15028295303508
Versace,Versace Cotton Polo T-shirt,shopify_product_15491587047764
Versace,Versace Cotton Trousers,shopify_product_15357459530068
Versace,Versace Hooded Sweatshirt,shopify_product_15028295106900
Versace Jeans,Versace Jeans Couture Sweatpants,shopify_product_15357459595604
Versace Jeans,Versace Jeans Couture Sweatpants,shopify_product_15427274408276
Versace,Versace La Coupe Des Dieux Silk Shorts,shopify_product_15357457760596
Versace,Versace Leather Platform Sandals,shopify_product_15028306706772
Versace,Versace Leather Platform Sandals,shopify_product_15018005987668
Versace,Versace Logo Polo T-shirt,shopify_product_15491587146068
Versace,Versace Logo Sneakers,shopify_product_15028306870612
Versace,Versace Logo T-shirt,shopify_product_15491599663444
Versace,Versace Medusa 95 Skirt,shopify_product_15357457203540
Versace,Versace One Piece Swimsuit,shopify_product_15357459628372
Versace,Versace Patch Bomber Jacket,shopify_product_15028323221844
Versace,Versace Pin-Points Sandals,shopify_product_15028306968916
Versace,Versace Polo T-shirt,shopify_product_15491587014996
Versace,Versace Repeat Hobo Shoulder Bag,shopify_product_15028297761108
Versace,Versace Repeat Hobo Shoulder Bag,shopify_product_15028297924948
Versace,Versace Repeat Hobo Shoulder Bag,shopify_product_15018007396692
Versace,Versace Silk Satin Platform Pumps,shopify_product_15028307099988
Versace,Versace Silk Satin Pumps,shopify_product_15028307296596
Versace,Versace Slippers,shopify_product_12481318846804
Versace,Versace Squalo Leopard Sneakers,shopify_product_15028312736084
Versace,Versace Suede Hiking Boots,shopify_product_15028313293140
Versace,Versace Trigreca Sneakers,shopify_product_15028313489748
Versace,Versace x Dua Lipa Butterfly Print T-shirt,shopify_product_15357460021588
CP Company,Vest Black Pertex,shopify_product_15482583384404
HERNO,Vest Cashmere Beige,shopify_product_12481205764436
HERNO,Vest Down Jacket White,shopify_product_12481271726420
HERNO,Vest Herno,shopify_product_15020651348308
HERNO,Vest Herno Legend,shopify_product_12481216643412
People of Shibuya,Vest Nobu,shopify_product_12481248690516
People of Shibuya,Vest Nobu,shopify_product_12481238794580
People of Shibuya,Vest Smanicato Blu,shopify_product_12481468858708
HERNO,Vest Trapuntato White,shopify_product_15022451130708
ARMA,Vest Trapuntato with Stampa,shopify_product_15414517268820
ARMA,Vest Trapuntato with Stampa,shopify_product_15414520381780
Vilebrequin,Vilebrequin Cotton Swim Shorts Orange,shopify_product_15035402158420
Vilebrequin,Vilebrequin Cotton Top Portofino,shopify_product_15035399340372
Vilebrequin,Vilebrequin Linen Polo Shirt Olive,shopify_product_15035400880468
Vilebrequin,Vilebrequin Linen Polo Shirt Sky Blue,shopify_product_15035401503060
Vilebrequin,Vilebrequin Polo Shirt Red,shopify_product_15035400946004
Vilebrequin,Vilebrequin Polo Shirt Yellow,shopify_product_15035400421716
Vilebrequin,Vilebrequin Swim Shorts Multicolour,shopify_product_15035401765204
Vivienne Westwood,Vivienne Westwood Lauren Cotton Jacket,shopify_product_15355815428436
Love Moschino,W5C9101_E2374-A966,shopify_product_12480709787988
Love Moschino,W5C9101_E2374-C74,shopify_product_12480713425236
Love Moschino,W5D0601_M4432-C74,shopify_product_12480715391316
Love Moschino,W648001_M4055-A966,shopify_product_12480716177748
Love Moschino,WK49000_T359A-0009,shopify_product_12480711786836
Love Moschino,WK49000_T359A-0009,shopify_product_15488137036116
Love Moschino,WK49000_T359A-0010,shopify_product_12480711950676
Love Moschino,WK53701_T420A-Y57,shopify_product_12480716013908
Maison Margiela,Wallet Margiela,shopify_product_12481120829780
Saint Laurent,White Canvas Slip-On Saint Laurent,shopify_product_15546017775956
Loro Piana,Wool Shirt,shopify_product_12550585024852
Loro Piana,Wool Shirt,shopify_product_12550585286996
Loro Piana,Wool Shirt,shopify_product_15482646036820
Woolrich,Woolrich &quot;Cleveland&quot; Down Parka Jacket Black,shopify_product_12395516461396
Woolrich,Woolrich Wool Vest Blue,shopify_product_12481269530964
Woolrich,Woolrich multicoloured checked cotton shirt jacket,shopify_product_12481270939988
ADD,X2AM104-4169-TROOP,shopify_product_12481384710484
ADD,X2AM105-8225-TAUPE,shopify_product_12481384186196
ADD,X2AM922-8752-GUNMETAL,shopify_product_12481391133012
ADD,X2AM924-8506-BLACK,shopify_product_12481385857364
Y-3,Y-3 Jackets Black,shopify_product_15394834940244
Zimmermann,Zimmermann Knitted Sweater,shopify_product_15058868666708
Zimmermann,Zimmermann Lace Mini Dress,shopify_product_15058868765012
Hinnominate,Zip Hoodie Mini Logo,shopify_product_12481092845908
Hinnominate,Zip Hoodie Mini Logo,shopify_product_12481096941908
Hinnominate,Zip Hoodie Mini Logo,shopify_product_12481093501268
PINKO,Zonzoli Zippato Black,shopify_product_15029976367444
PINKO,abito bergamotto in tulle,shopify_product_15029976531284
PINKO,abito bergamotto in tulle,shopify_product_15488098206036
Balmain,abito con imputure,shopify_product_15488039453012
Balmain,abito corto con strass,shopify_product_15488040075604
Dsquared2,abito felpa icon,shopify_product_12480940507476
Balmain,abito in denim,shopify_product_15489039925588
Patrizia Pepe,abito tulle con strass,shopify_product_12550504546644
Patrizia Pepe,abito tulle con strass,shopify_product_15488106692948
ADD,add - Jackets - x8amm60-7525-marrone,shopify_product_12480830374228
ADD,add - Jackets - x8ams55-c1182-patch,shopify_product_12480828244308
Elisabetta Franchi,ar28a_96e-lime,shopify_product_12480744390996
Elisabetta Franchi,ar28a_96e-lime,shopify_product_15488139100500
Autry,autry dallas,shopify_product_12481429373268
Autry,autry dallas,shopify_product_12481434648916
Autry,autry dallas,shopify_product_12481430552916
Ballantyne,ballantyne - Shirts - cam100c-506se-azzurro,shopify_product_12481473315156
Balmain,balmain - Sweatshirts - felpa girocollo azzurra,shopify_product_15471440462164
Balmain,balmain - Sweatshirts - felpa girocollo nera,shopify_product_15471445213524
Balmain,balmain - T-shirt & Top - t-shirt balmain paris,shopify_product_15471446262100
Balmain,balmain - T-shirt & Top - t-shirt balmain paris,shopify_product_15471447703892
Balmain,balmain - T-shirt & Top - uh01601-i340-blu,shopify_product_15423841304916
Balmain,balmain - T-shirt & Top - uh11601-i312-bianco,shopify_product_15423871123796
Balmain,balmain - T-shirt & Top - wh0ef000-b151-arancio,shopify_product_15423871287636
Balmain,balmain - T-shirt & Top - xh1ef000-bb20-rosa,shopify_product_15423870370132
Balmain,balmain - Trousers - pantaloni jogging blu,shopify_product_15471440560468
PINKO,bello pantalone viola,shopify_product_15488105382228
Balmain,bikini bianco,shopify_product_15488038830420
Balmain,bikini nero,shopify_product_15488041419092
Balmain,bikini rosa,shopify_product_15486036050260
Loro Piana,bomber coat beige,shopify_product_15484679979348
Loro Piana,bomber lana pelliccia,shopify_product_15484680208724
Loro Piana,bomber scamosciato pelliccia,shopify_product_15484680241492
Ballantyne,camicia blu,shopify_product_12481473773908
MC2 Saint Barth,camicia in lino,shopify_product_15484675883348
MC2 Saint Barth,camicia in lino,shopify_product_15484675916116
MC2 Saint Barth,camicia in lino,shopify_product_15484675948884
Loro Piana,cappotto capolavoro beige,shopify_product_15484679848276
Loro Piana,cappotto capolavoro blu,shopify_product_15484679881044
Loro Piana,cappotto capolavoro cammello,shopify_product_15484679913812
Loro Piana,cappotto capolavoro cashmere,shopify_product_15484680143188
Loro Piana,cappotto capolavoro nero,shopify_product_15483901215060
Loro Piana,cappotto doppiopetto cashmere,shopify_product_15484680044884
Loro Piana,cappotto doppiopetto cashmere,shopify_product_15484680110420
Loro Piana,cappotto doppiopetto lana,shopify_product_15484680012116
Loro Piana,cappotto lungo trapuntato,shopify_product_15484679946580
Balmain,cappotto monopetto rosso,shopify_product_15485188342100
Balmain,cardigan lungo,shopify_product_15488038207828
Malone Souliers,cardigan zip zaffiro,shopify_product_15484709667156
Casablanca,casa crest embroidered sweatshirt,shopify_product_15484679651668
Dsquared2,ceresio jacket,shopify_product_15484681093460
Balmain,costume incrociato,shopify_product_15485237231956
D.A.T.E.,d.a.t.e. - Sneakers - M331hl-cawb-black,shopify_product_12481148551508
D.A.T.E.,d.a.t.e. - Sneakers - M361lv-cawa-army,shopify_product_12481149141332
D.A.T.E.,d.a.t.e. - Sneakers - M371hl-cahw-wood,shopify_product_12481148715348
D.A.T.E.,d.a.t.e. - Sneakers - w391sf-tnbi-beige,shopify_product_12481147109716
D.A.T.E.,d.a.t.e. - Sneakers - w411-fg-dr-iv,shopify_product_12481146618196
D.A.T.E.,d.a.t.e. - Sneakers - w411hl-usbk-nero,shopify_product_12481144750420
D.A.T.E.,d.a.t.e. - Sneakers - w411hl-uswh-white,shopify_product_12481148322132
D.A.T.E.,d.a.t.e. - Sneakers - w411sf-srwy-gray,shopify_product_12481146913108
Diesel,diesel - Jeans - a10230-0enas-blue,shopify_product_12481304461652
Diesel,diesel - Polo - a00418-rbawh-white,shopify_product_12481485046100
Diesel,diesel - T-shirt & Top - a18997-rpati-nero,shopify_product_12480933167444
Diesel,diesel - T-shirt & Top - a19699-rhqbf-nero,shopify_product_12480932413780
Diesel,diesel - T-shirt & Top - a19700-rhqbg-bianco,shopify_product_12480931627348
Dior,dior wind,shopify_product_12481248067924
Dolce & Gabbana,dolce & gabbana - Backpacks - bm1263-ar9728-q718pz,shopify_product_12481318584660
Dolce & Gabbana,dolce & gabbana - Crossbody Bags - bb6498-b0421-blu,shopify_product_12480930611540
Dolce & Gabbana,dolce & gabbana - Crossbody Bags - bb6498-b0421-fuxia,shopify_product_12480928416084
Dolce & Gabbana,dolce & gabbana - Crossbody Bags - bb6498-b0421-grigio,shopify_product_12480930906452
Dolce & Gabbana,dolce & gabbana - Crossbody Bags - bb6498-bj133-beige,shopify_product_12480928219476
Dolce & Gabbana,dolce & gabbana - Derby - n09072a-j3578s-nero,shopify_product_12481125581140
Dolce & Gabbana,dolce & gabbana - Handbags - bb6002-ay839-camouflage,shopify_product_12494829551956
Dolce & Gabbana,dolce & gabbana - Handbags - bb7018-ad455-bianco,shopify_product_12494829257044
Dolce & Gabbana,dolce & gabbana - Jackets - f9n46t-fssi0-multi,shopify_product_12481033961812
Dolce & Gabbana,dolce & gabbana - Pumps & Heels - cd1435-aw198-rosa,shopify_product_12481319698772
Dolce & Gabbana,dolce & gabbana - Sandals - cr0831-a7630-nero,shopify_product_12481319108948
Dolce & Gabbana,dolce & gabbana - Sneakers - ck0079-ae01010-nero,shopify_product_12481124401492
Dolce & Gabbana,dolce & gabbana - shorts - ftahpl_ful58-n0000,shopify_product_12480748454228
Malone Souliers,dolcevita trecce inchiostro,shopify_product_15484709896532
Casablanca,drapeau de collombes printed,shopify_product_15488115409236
Dsquared2,dsq2 gilet,shopify_product_15484681126228
Dsquared2,dsq2 gilet,shopify_product_15484681158996
Dsquared2,dsquared2 - Jackets - dq1474-d009d-blu,shopify_product_12480941097300
Dsquared2,dsquared2 - Jackets - dq2046-d00bn-nero,shopify_product_12481297219924
Dsquared2,dsquared2 - Jackets - dq2048-d0a6d-nero,shopify_product_12480940802388
Dsquared2,dsquared2 canadian blu,shopify_product_12480947224916
Dsquared2,dsquared2 canadian nero,shopify_product_12480948732244
Elisabetta Franchi,elisabetta franchi - Dress - ab092_97ez54-burrogiada,shopify_product_12480746226004
Elisabetta Franchi,elisabetta franchi - Dress - am45m_96e-blu,shopify_product_12480749076820
Elisabetta Franchi,elisabetta franchi - Jackets - pk001_92e,shopify_product_12480718438740
ELLI,emilio romanelli - Jackets - m19p609_19049-82,shopify_product_12480789021012
ELLI,emilio romanelli - Jackets - m29t626_29737-10,shopify_product_12480780861780
ELLI,emilio romanelli - Jackets - m29t626_29737-4,shopify_product_12480781025620
Emporio Armani,emporio armani - Bags - ew000537-nero,shopify_product_12552197341524
Emporio Armani,emporio armani - Handbags - ew001777-rosso,shopify_product_12552198029652
Emporio Armani,emporio armani - Handbags - ew002328-af17799-rosso,shopify_product_12552197964116
Ermenegildo Zegna,ermenegildo zegna tessuto - Suit - abito-drop7-galles,shopify_product_12481435959636
Ermenegildo Zegna,ermenegildo zegna tessuto - Suit - abito-drop7-gessato,shopify_product_12481436614996
Ermenegildo Zegna,ermenegildo zegna tessuto - Suit - zegna-a01napoli-blu01,shopify_product_12481469415764
Ermenegildo Zegna,ermenegildo zegna tessuto - Suit - zegna-nap2bott-blu03ny,shopify_product_12481469153620
ARMA,felpa cappuccio con stampa,shopify_product_12481045856596
Dsquared2,felpa icon bianca,shopify_product_12507027669332
Dsquared2,felpa icon strass,shopify_product_12481294729556
Peuterey,field jacket in taffet&agrave;,shopify_product_15484678701396
Peuterey,giacca corta dougal,shopify_product_15484678766932
People of Shibuya,giacca minami azzurra,shopify_product_15484708389204
Balmain,gonna con bottoni,shopify_product_15488040730964
Balmain,gonna con cintura,shopify_product_15489037762900
Balmain,gonna in pelle,shopify_product_15489039139156
Balmain,gonna tweed,shopify_product_15485188571476
Hinnominate,hinnominate - Flip-Flops - hmca-w00003-beige,shopify_product_12481067549012
Hinnominate,hinnominate - Flip-Flops - hmca-w00003-lilla,shopify_product_12481065615700
Hinnominate,hinnominate - shorts - hmabw-00296-viola,shopify_product_12481102905684
Jacquemus,jacquemus - Bags - bambimou-denim-large,shopify_product_12480964690260
Jacquemus,jacquemus - Bags - mini-bambino-black,shopify_product_15038940578132
Jacquemus,jacquemus - Crossbody Bags - baw00007-beige-oro,shopify_product_15038941004116
Jacquemus,jacquemus - Crossbody Bags - baw00007-black-silver,shopify_product_12550586499412
Jacquemus,jacquemus - Crossbody Bags - baw00007-dark-khaki,shopify_product_12480981664084
Jacquemus,jacquemus - Crossbody Bags - baw00007-glossy-ivory,shopify_product_12480917438804
Jacquemus,jacquemus - Crossbody Bags - baw00007-glossy-skyblue,shopify_product_12480981008724
Jacquemus,jacquemus - Crossbody Bags - baw00007-sky-blue,shopify_product_12480920027476
Jacquemus,jacquemus - Crossbody Bags - grand-bambino-white,shopify_product_12481334804820
Balmain,jeans con risvolto,shopify_product_15489037205844
Jil Sander,jil sander - Crossbody Bags - J07WD0023-P5355-rosa,shopify_product_12480821068116
Casablanca,le triomphe de tennis printed,shopify_product_15484679586132
Les Hommes,les hommes - Sneakers - leshommes-12400a-bianco,shopify_product_12481271103828
Les Hommes,les hommes - Sneakers - leshommes-16127b-nero,shopify_product_12481271267668
Loro Piana,loro piana tessuto - Coats - 380117-8400-9353,shopify_product_12480907149652
Loro Piana,loro piana tessuto - Coats - 385119-8400-9379,shopify_product_12480906461524
Loro Piana,loro piana tessuto - Coats - 397204-8400-9353,shopify_product_12480908493140
Loro Piana,loro piana tessuto - Coats - 397204-8400-9358,shopify_product_12480908951892
Loro Piana,loro piana tessuto - Coats - 460521-12000-9887,shopify_product_12481315045716
Loro Piana,loro piana tessuto - Coats - 770308-22000-9671,shopify_product_12480915407188
Loro Piana,loro piana tessuto - Coats - 780401-22000-9671,shopify_product_12480914489684
Loro Piana,loro piana tessuto - Coats - 780401-22000-9675,shopify_product_12480914817364
Loro Piana,loro piana tessuto - Coats - 780401-8400-9378,shopify_product_12480911081812
Loro Piana,loro piana tessuto - Jackets - 8400-853201p762-9380,shopify_product_12480910229844
Loro Piana,loro piana tessuto - Jackets - 855227p781-8400-9386,shopify_product_12480916357460
Loro Piana,loro piana tessuto - Jackets - 863309V1-7200-7868,shopify_product_15355061010772
Loro Piana,loro piana tessuto - Jackets - 865306x113-8400-9375,shopify_product_12480915833172
Loro Piana,loro piana tessuto - Jackets - 963404-6600-blu,shopify_product_15355061174612
Loro Piana,loro piana tessuto - Jackets - 963404-6600-moro,shopify_product_15355060945236
Loro Piana,loro piana tessuto - Jackets - 963404-6600-nocciola,shopify_product_15355061272916
Loro Piana,loro piana tessuto - Jackets - 965402-6600-7724,shopify_product_15355061338452
Loro Piana,loro piana tessuto - Jackets - 965402-6600-7725,shopify_product_15355061305684
Loro Piana,loro piana tessuto - Suit - 174001M5-7200-7876,shopify_product_15355061403988
Loro Piana,loro piana tessuto - Vest - 953306-6400-blu,shopify_product_15355061076308
Casablanca,lounge crew logo sweatshirt,shopify_product_15484679553364
Balmain,maglia cropped con stampa,shopify_product_15489043202388
ELLI,maglia dolcevita finezza 12,shopify_product_15484677423444
ELLI,maglia dolcevita finezza 12,shopify_product_15484677456212
ELLI,maglia dolcevita finezza 12,shopify_product_15484677488980
ELLI,maglia dolcevita finezza 12,shopify_product_15484677554516
ELLI,maglia dolcevita finezza 12,shopify_product_15484677587284
ELLI,maglia dolcevita finezza 12,shopify_product_15484677620052
ELLI,maglia dolcevita finezza 12,shopify_product_15484677652820
ELLI,maglia dolcevita finezza 12,shopify_product_15484677718356
ELLI,maglia dolcevita finezza 12,shopify_product_15484677751124
ELLI,maglia dolcevita finezza 12,shopify_product_15484677783892
ELLI,maglia dolcevita finezza 12,shopify_product_15484677849428
ELLI,maglia scollo V finezza 12,shopify_product_15484676473172
ELLI,maglia scollo V finezza 12,shopify_product_15484676505940
ELLI,maglia scollo V finezza 12,shopify_product_15484676669780
ELLI,maglia scollo V finezza 12,shopify_product_15484676735316
ELLI,maglia scollo V finezza 12,shopify_product_15484676833620
ELLI,maglia scollo V finezza 12,shopify_product_15484676899156
ELLI,maglia scollo V finezza 12,shopify_product_15484676931924
Balmain,maglione dolcevita bianco,shopify_product_15489036779860
Maison Margiela,maison margiela - Crossbody Bags - sb1wg0037-giallo,shopify_product_12481037467988
Maison Margiela,maison margiela - Handbags - 5ACmini-classique-grigio,shopify_product_12480822903124
Maison Margiela,maison margiela - Handbags - sb6wd0026-p6444-nero,shopify_product_12480848363860
Marcelo Burlon,marcelo burlon - Swimwear - cmfa003_s199730-571088,shopify_product_12480729579860
MC2 Saint Barth,mc2 saint barth - Swimwear - gus0004-05402d-azzurro,shopify_product_15423868076372
MC2 Saint Barth,mc2 saint barth - Swimwear - lig0003-02510f-bianco,shopify_product_15423853560148
ELLI,new collection 2022,shopify_product_12480755302740
ELLI,new collection 2022,shopify_product_15488141427028
Diesel,only the brave t-shirt,shopify_product_15484680634708
Diesel,only the brave t-shirt,shopify_product_15484680667476
Balmain,pantalone a zampa,shopify_product_15489037402452
Balmain,pantalone a zampa grigio,shopify_product_15489043530068
Balmain,pantalone con imputure,shopify_product_15489040318804
Balmain,pantalone lungo con pieghe,shopify_product_15489038909780
Balmain,pantalone stampa pattern,shopify_product_15488036766036
Peuterey,parka guardian 5.0,shopify_product_15484678898004
Peuterey,parka guardian 5.0,shopify_product_15484678963540
Peuterey,parka hammond nero,shopify_product_15484679127380
Peuterey,parka hammond viola,shopify_product_15484678865236
Peuterey,parka kasa bronzo,shopify_product_15484678832468
Peuterey,parka kasa giallo,shopify_product_15484679192916
Patrizia Pepe,patrizia pepe - Ankle Boots - 2x0025-l048-nero,shopify_product_15035405435220
Patrizia Pepe,patrizia pepe - Ankle Boots - 2z0079-k156-nero,shopify_product_15038936416596
Patrizia Pepe,patrizia pepe - Ankle Boots - 8y0050-l078-nero,shopify_product_15038946050388
Patrizia Pepe,patrizia pepe - Ankle Boots - 8y0059-l078-nero,shopify_product_15038942150996
Patrizia Pepe,patrizia pepe - Ankle Boots - 8y0068-l048-nero,shopify_product_15038941561172
Patrizia Pepe,patrizia pepe - Ankle Boots - 8y0095-l078-avorio,shopify_product_15035405959508
Patrizia Pepe,patrizia pepe - Boots - 8y0041-e032-rosso,shopify_product_15035406647636
Patrizia Pepe,patrizia pepe - Dress - 2a2389-a052-arancione,shopify_product_12550567559508
Patrizia Pepe,patrizia pepe - Dress - 2a2516-a061-turchese,shopify_product_12507025703252
Patrizia Pepe,patrizia pepe - Dress - 8a1088-a033-multi,shopify_product_12550522995028
Patrizia Pepe,patrizia pepe - Dress - 8a1138-d047-rosso,shopify_product_12550574145876
Patrizia Pepe,patrizia pepe - Dress - 8a1171-j136-multicolor,shopify_product_12550549832020
Patrizia Pepe,patrizia pepe - Dress - 8a1248-a6f5-verde,shopify_product_12550540755284
Patrizia Pepe,patrizia pepe - Dress - 8a1351-k078-verde,shopify_product_12550540984660
Patrizia Pepe,patrizia pepe - Dress - ca1431-jz26-bianco,shopify_product_12550545113428
Patrizia Pepe,patrizia pepe - Dress - ca1703-jz26-bianco,shopify_product_12550546162004
Patrizia Pepe,patrizia pepe - Jackets - 181165-a2zy-bianco,shopify_product_12550544261460
Patrizia Pepe,patrizia pepe - Jackets - 1L0312-A1DZ-ROSA,shopify_product_12550563496276
Patrizia Pepe,patrizia pepe - Jackets - 1l0312-a1dz-argento,shopify_product_12550538723668
Patrizia Pepe,patrizia pepe - Jackets - 2o0072-a358-g560-verde,shopify_product_12481003848020
Patrizia Pepe,patrizia pepe - Jackets - 8o0057-d1wzb-blu,shopify_product_12550570901844
Patrizia Pepe,patrizia pepe - Jackets - 8o0075-d046-navy,shopify_product_12550559629652
Patrizia Pepe,patrizia pepe - Jackets - 8o0089-d049-k441-shiny,shopify_product_12481003290964
Patrizia Pepe,patrizia pepe - Jackets - 8o0135-a503-verde,shopify_product_12550541410644
Patrizia Pepe,patrizia pepe - Jackets - 8s0456-a6f5-cammello,shopify_product_12550564217172
Patrizia Pepe,patrizia pepe - Jackets - co0178-a503-rosa,shopify_product_12550560088404
Patrizia Pepe,patrizia pepe - Jackets - csa112-aq39-grigio,shopify_product_12550532301140
Patrizia Pepe,patrizia pepe - Jeans - 8p0626-fe82-blu,shopify_product_12550547800404
Patrizia Pepe,patrizia pepe - Jeans - 8p0638-fe87-blu,shopify_product_12550549438804
Patrizia Pepe,patrizia pepe - Jeans - cj0509-a1hib-blu,shopify_product_12550576800084
Patrizia Pepe,patrizia pepe - Jeans - cp0937-d1hib-blu,shopify_product_12550551011668
Patrizia Pepe,patrizia pepe - Leggings - 2p1508-e038-k103-black,shopify_product_12481007976788
Patrizia Pepe,patrizia pepe - Pumps & Heels - 8z0034-l048-rosso,shopify_product_15035399242068
Patrizia Pepe,patrizia pepe - Sandals - 2z0010-v021-arancio,shopify_product_15035406188884
Patrizia Pepe,patrizia pepe - Sandals - 8x0008-l112-pink,shopify_product_15035399110996
Patrizia Pepe,patrizia pepe - Sandals - 8x0008-l112-silver,shopify_product_15035399176532
Patrizia Pepe,patrizia pepe - Sandals - 8x0034-l044-beige,shopify_product_15035405304148
Patrizia Pepe,patrizia pepe - Sandals - 8x0067-l048-nero,shopify_product_15035406516564
Patrizia Pepe,patrizia pepe - Sandals - 8z0030-v033-rosa,shopify_product_15035405697364
Patrizia Pepe,patrizia pepe - Skirts - 2g0931-a323-bordeaux,shopify_product_12502807707988
Patrizia Pepe,patrizia pepe - Skirts - 8g027-a100-grigio,shopify_product_12550540525908
Patrizia Pepe,patrizia pepe - Skirts - 8g0410-a106-rosa,shopify_product_12550558122324
Patrizia Pepe,patrizia pepe - Skirts - 8g0410-a457-grigio,shopify_product_12550529778004
Patrizia Pepe,patrizia pepe - Skirts - 8g0420-a459-giallo,shopify_product_12550584140116
Patrizia Pepe,patrizia pepe - Skirts - 8p0643-a456-beige,shopify_product_12550529286484
Patrizia Pepe,patrizia pepe - Skirts - cj0509-a1hib-darkblu,shopify_product_12550556123476
Patrizia Pepe,patrizia pepe - Skirts - dg1380-ad08-grigio,shopify_product_12550536757588
Patrizia Pepe,patrizia pepe - Sneakers - 2z0008-l055-beige,shopify_product_15035405238612
Patrizia Pepe,patrizia pepe - Sweaters - 2k0304-k7x5-bianco,shopify_product_12550543835476
Patrizia Pepe,patrizia pepe - Sweaters - 2m4406-j239-verde,shopify_product_12550552486228
Patrizia Pepe,patrizia pepe - Sweaters - 8k0160-k128-grigio,shopify_product_12550539542868
Patrizia Pepe,patrizia pepe - Sweaters - 8k0169-k034-grigio,shopify_product_12550533218644
Patrizia Pepe,patrizia pepe - Trousers - 8p0484-a215-grigio,shopify_product_12550529646932
Patrizia Pepe,patrizia pepe - shorts - dp1425-d006-bianco,shopify_product_12550544949588
People of Shibuya,people of shibuya - Jackets - minami-pm808-blu,shopify_product_12481238237524
People of Shibuya,people of shibuya - Jackets - minami-pm808-lightblu,shopify_product_12481235878228
People of Shibuya,people of shibuya - Jackets - pm668-790-blu,shopify_product_12481252000084
People of Shibuya,people of shibuya - Jackets - pm668-860-verde,shopify_product_12481252393300
People of Shibuya,people of shibuya - Jackets - pm802-850-verde,shopify_product_12481252786516
People of Shibuya,people of shibuya - Trench - toshiro-pm652-nero,shopify_product_12481246822740
People of Shibuya,people of shibuya - Trench - toshiro-pm652-sand,shopify_product_12481464533332
PINKO,pinko - Crossbody Bags - pltt100067-a0gk-ottanio,shopify_product_12481017282900
PINKO,pinko - Crossbody Bags - pltt100068-a0gk-bianco,shopify_product_12481017577812
PINKO,pinko - Formal Jacket - 100256-a30n-rossa,shopify_product_15035406483796
PINKO,pinko - Skirts - 102606-a1ft-nero,shopify_product_15029976269140
ADD,piumino,shopify_product_12481382973780
Plein Sport,plein sport - Crossbody Bags - flap heidi,shopify_product_12481503265108
Plein Sport,plein sport - Crossbody Bags - flap heidi,shopify_product_12481503592788
Plein Sport,plein sport - Crossbody Bags - mini heidi,shopify_product_12481503986004
Plein Sport,plein sport - Handbags - 2110059-largeblake-black,shopify_product_12481494974804
Plein Sport,plein sport - Handbags - large tote blake,shopify_product_12480736657748
Plein Sport,plein sport - Shopping bag - large tote annie,shopify_product_12480755695956
Plein Sport,plein sport - Shopping bag - medium tote,shopify_product_12480736330068
Plein Sport,plein sport - Shopping bag - medium tote blake,shopify_product_12480733872468
La Martina,polo jersey silky fini,shopify_product_12481462075732
Sergio Rossi,sergio rossi - Ankle Boots - a85412-mfi152-leo,shopify_product_12480922354004
Sergio Rossi,sergio rossi - Sandals - a81800-mte156-nero,shopify_product_12481123615060
Balmain,short cargo,shopify_product_15488042008916
Balmain,short pattern logo,shopify_product_15489039401300
Emporio Armani,sneaker ea7 bianca,shopify_product_15490057863508
Emporio Armani,sneakers crusher distance,shopify_product_15490057961812
Emporio Armani,sneakers ea7 bianche,shopify_product_15490058355028
Emporio Armani,sneakers ea7 grigie,shopify_product_15490058682708
Emporio Armani,sneakers mesh lycra blu,shopify_product_15490058125652
Sergio Rossi,stivale stampa leopardo,shopify_product_15484680536404
Valentino Garavani,stivaletto pelle borchie,shopify_product_15484680470868
Patrizia Pepe,stivali red vynil,shopify_product_15488097190228
Vilebrequin,swim shorts leaf vintage,shopify_product_15488095650132
Emporio Armani,t-shirt archivio 1980,shopify_product_12481017971028
Balmain,t-shirt con logo,shopify_product_15489039663444
Balmain,t-shirt con stampa,shopify_product_15489040187732
Balmain,t-shirt corta logo,shopify_product_15489038713172
Diesel,t-shirt denim division,shopify_product_15484680601940
Loro Piana,t-shirt in lana,shopify_product_15484677292372
La Martina,t-shirt jersey navy,shopify_product_12481461223764
Casablanca,t-shirt la colomne,shopify_product_15414526771540
Casablanca,t-shirt montagne ondul&eacute;e,shopify_product_15414526378324
Diesel,t-shirt t-just blu,shopify_product_15484680700244
The Attico,the attico - Dress - 227wca101-multicolor,shopify_product_12550519750996
The Attico,the attico - Dress - 236wca247-giallo,shopify_product_12550499402068
The Attico,the attico - Dress - 236wca93-gialloleo,shopify_product_12550506316116
The Attico,the attico - Dress - 237wca206-blu,shopify_product_12550520013140
The Attico,the attico - Formal Jacket - 227wcg43-grigio,shopify_product_12550469321044
The Attico,the attico - Formal Jacket - 232wcg26-e057-pink,shopify_product_12550555107668
The Attico,the attico - Formal Jacket - 236wcg25-w041-green,shopify_product_12550549242196
The Attico,the attico - Jackets - 236wcb36-multicolor,shopify_product_12550523126100
The Attico,the attico - Skirts - 222wck40-multicolor,shopify_product_12550469026132
The North Face,the north face - Jackets - nf0a8a-4cjk3-nero,shopify_product_12487648837972
Balmain,top nero logo,shopify_product_15488037486932
Don The Fuller,tripoli,shopify_product_12480761889108
Don The Fuller,tripoli,shopify_product_15488142180692
Patrizia Pepe,tuta clarity yellow,shopify_product_15414532637012
Valentino Garavani,valentino garavani - Ankle Boots - 5w0s0kn4-nib-nero,shopify_product_12480922059092
Valentino Garavani,valentino garavani - Crossbody Bags - 4w0b0q-minihobo-viola,shopify_product_12480831062356
Valentino Garavani,valentino garavani - Crossbody Bags - xv0b0k21-hhx4v0-fuxia,shopify_product_12480834830676
Valentino Garavani,valentino garavani - Dress - 6b3vaez980k-nero,shopify_product_12550622478676
Valentino Garavani,valentino garavani - Dress - 6b3vaf981cf-bianco,shopify_product_12550625067348
Valentino Garavani,valentino garavani - Man bags - 5Y2B09-43WJW-black,shopify_product_12480836010324
Valentino Garavani,valentino garavani - Pumps & Heels - 6w2s0lb6mlw-beige,shopify_product_12480816546132
Valentino Garavani,valentino garavani - Pumps & Heels - 6w2s0ld2hur-croco,shopify_product_12480816382292
Valentino Garavani,valentino garavani - Shoulder bags - devain-vlogo-gold,shopify_product_12480836370772
Valentino Garavani,valentino garavani - Sweaters - 6b3kc62j935-beige,shopify_product_12550622249300
Versace,versace dress,shopify_product_12481319436628
Vilebrequin,vilebrequin x BAPE BLACK - T-shirt & Top - tpez2p88-990-noir,shopify_product_15035400978772
Love Moschino,w5c5180_e2380-0010,shopify_product_12480709951828
Love Moschino,w5c5180_e2380-0010,shopify_product_15488136610132
Love Moschino,wj22180_t008a-p23,shopify_product_12480712114516
Hinnominate,zip hoodie mini logo,shopify_product_15485849829716
Autry,AUTRY Cotton Hoodie,shopify_product_15018001924436
Autry,AUTRY Cotton T-shirt,shopify_product_15018002284884
Autry,AUTRY Lightweight Jacket,shopify_product_15018009362772
Autry,AUTRY Logo Jacket,shopify_product_15018002710868
Autry,AUTRY Sport Jacket,shopify_product_15018002841940
Autry,AUTRY Track Pants,shopify_product_15018001531220
Autry,AUTRY Unisex Chenille Hoodie,shopify_product_15018009624916
Autry,AUTRY Unisex Chenille Staple Hoodie,shopify_product_15018009788756
Autry,AUTRY Windbreaker Jacket,shopify_product_15018001695060
Autry,AUTRY Zipped Cardigan,shopify_product_15018008772948
Alexander McQueen,Alexander McQueen Oversized Sneakers,shopify_product_15359612158292
AMBUSH,Ambush Cotton Logo T-Shirt,shopify_product_15018002121044
AMBUSH,Ambush Cotton Shirt,shopify_product_15018002252116
AMBUSH,Ambush Lightweight Track Pants,shopify_product_15018002514260
Autry,Autry Logo bomber jacket,shopify_product_15018002940244
Autry,Autry Nylon Jacket,shopify_product_15018002448724
Autry,Autry Reelwind Sneakers,shopify_product_15018004611412
Autry,Autry Sporty Long Sleeve Polo,shopify_product_15018002088276
Balmain,Balmain Logo Hoodie,shopify_product_15018005430612
Balmain,Balmain Logo Motif Hoodie,shopify_product_15018005201236
Balmain,"Balmain black cotton half-sleeve sweatshirt, black",shopify_product_12481121026388
Balmain,Balmain cotton polo shirt,shopify_product_15018005758292
Balmain,Balmain logo jogging pants,shopify_product_15018006348116
Balmain,Balmain logo-print T-shirt,shopify_product_15018005922132
Blanca Vita,Blanca Vita Cropped Tailored Trousers,shopify_product_15018003890516
Bottega Veneta,Bottega Veneta Padded Vest Jacket,shopify_product_15018005135700
Bottega Veneta,Bottega Veneta Tarik Criss Cross Sandal,shopify_product_15018005332308
Brunello Cucinelli,Brunello Cucinelli  Blazer Jacket,shopify_product_15018005528916
Brunello Cucinelli,Brunello Cucinelli Tartan Wool Jacket,shopify_product_15018006184276
Brunello Cucinelli,Brunello Cucinelli Wool Jacket,shopify_product_15018006610260
Comme des Gar&ccedil;ons Homme,Comme Des Gar&ccedil;ons Homme Plus Wool Shorts,shopify_product_15028304249172
Dolce & Gabbana,Dolce & Gabbana  Black Cotton Metal DG Logo Gold Buckle Belt,shopify_product_12387679109460
Dsquared2,Dsquared2 Black Bull Skater Jeans,shopify_product_15018011558228
Dsquared2,Dsquared2 Classic Wool Trousers,shopify_product_15018011656532
Dsquared2,Dsquared2 Cotton Denim Jeans,shopify_product_15018011918676
Dsquared2,Dsquared2 Cotton Tie-Dye Shorts,shopify_product_15018012770644
Dsquared2,Dsquared2 x Smiley Denim Shirt,shopify_product_15018004939092
Givenchy,Givenchy Logo-Embroidered Swim Shorts,shopify_product_15018007462228
HERNO,HERNO Casual pants,shopify_product_15018002973012
HERNO,HERNO Down Bomber Jacket,shopify_product_15018008215892
HERNO,HERNO Wool Coat,shopify_product_15018003923284
HERNO,HERNO Wool Sweater,shopify_product_15018003431764
HERNO,Herno Cashmere Coat,shopify_product_15018003562836
HERNO,Herno Cashmere Sweater,shopify_product_15018007986516
HERNO,Herno Casual Wool Pants,shopify_product_15018008609108
HERNO,Herno Cotton T-shirt,shopify_product_15018012737876
HERNO,Herno Padded Pants,shopify_product_15018012148052
HERNO,Herno Pleated Trousers,shopify_product_15018007822676
HERNO,Herno Shirt Jacket,shopify_product_15018012213588
HERNO,Herno Wool Pullover,shopify_product_15018012868948
Kenzo,Kenzo Cotton Printed Sweater,shopify_product_15018008346964
Kenzo,Kenzo Cotton Shorts,shopify_product_15018008445268
Missoni,MISSONI Wool Hat,shopify_product_15026008686932
Palm Angels,Palm Angels Checked  Windbreaker Jacket,shopify_product_15018011033940
Palm Angels,Palm Angels College Logo Polo,shopify_product_15018011263316
Palm Angels,Palm Angels Hooded Printed Shirt,shopify_product_15018011623764
Palm Angels,Palm Angels Jeans,shopify_product_15018011787604
Palm Angels,Palm Angels Leather Logo Sneakers,shopify_product_15018012180820
Palm Angels,Palm Angels Padded Bomber Jacket,shopify_product_15018012475732
Palm Angels,Palm Angels Palms Souvenir Bomber Jacket,shopify_product_15018012639572
Prada,Prada Wool Hooded Sweater,shopify_product_15018013589844
Prada,Prada Wool Pants,shopify_product_15018013655380
Prada,Prada Wool Trousers,shopify_product_15018013720916
Salvatore Ferragamo,Salvatore Ferragamo Gray Loafers,shopify_product_15018006643028
Salvatore Ferragamo,Salvatore Ferragamo NIMA KNIT Sneakers,shopify_product_15018005954900
Valentino Garavani,Valentino Garavani Vltn Cloud Bubble-Sole Sneakers,shopify_product_15018012311892
ADD,add - Jackets - x7auj140-3803-navy,shopify_product_12480828080468
Diesel,diesel - Jeans - 00sdha-084zu-blu_scuro,shopify_product_12481302266196
Dolce & Gabbana,dolce & gabbana - Formal Jacket - G2MD4T-FLRDY-nero,shopify_product_12481023246676
Dolce & Gabbana,dolce & gabbana - Jackets - g9db8l-ful1q-brown,shopify_product_12481495990612
Dolce & Gabbana,dolce & gabbana - Jackets - g9eu2t-g7duz-camouflage,shopify_product_12480999948628
Dolce & Gabbana,dolce & gabbana - Jackets - g9gj8l-ful7r-nero,shopify_product_12481428029780
Dolce & Gabbana,dolce & gabbana - Jackets - g9re0t-humggn-0000044,shopify_product_12480946930004
Dolce & Gabbana,dolce & gabbana - Shirts - g5ex7d-g8dm1-grigio,shopify_product_12480942211412
Dolce & Gabbana,dolce & gabbana - Shirts - g5jc8t-g8ed4-blu,shopify_product_12480942506324
Dolce & Gabbana,dolce & gabbana - Sneakers - high top sneakers,shopify_product_12481501004116
Dolce & Gabbana,dolce & gabbana - Sweatshirts - g9xf6z-fu7du-w0800,shopify_product_12480949092692
Moncler,moncler - Jackets - j1097-1a00013-nero,shopify_product_12481151336788
The North Face,the north face - Jackets - nf0a88k-rmst-rosso,shopify_product_12490044997972
The North Face,the north face - Sweatshirts - nf0a8-fv6jm9-rosso,shopify_product_12494830076244
